{"stats":{"minecraft:mined":{"minecraft:sweet_berry_bush":12,"minecraft:spruce_leaves":1},"minecraft:used":{"minecraft:sweet_berries":9},"minecraft:custom":{"minecraft:jump":166,"minecraft:time_since_rest":12680,"minecraft:damage_taken":60,"minecraft:damage_dealt":10,"minecraft:leave_game":6,"minecraft:sprint_one_cm":27130,"minecraft:play_time":12680,"minecraft:time_since_death":12680,"minecraft:walk_on_water_one_cm":3556,"minecraft:walk_one_cm":21501,"minecraft:total_world_time":12680,"minecraft:walk_under_water_one_cm":1403,"minecraft:fall_one_cm":3456,"minecraft:fly_one_cm":20768},"minecraft:picked_up":{"minecraft:sweet_berries":28}},"DataVersion":3578}