{"stats":{"minecraft:mined":{"minecraft:oak_log":5,"minecraft:sweet_berry_bush":12,"minecraft:spruce_leaves":1,"minecraft:crafting_table":1,"minecraft:oak_leaves":1},"minecraft:used":{"minecraft:sweet_berries":12,"minecraft:crafting_table":1},"minecraft:crafted":{"minecraft:oak_planks":20,"minecraft:crafting_table":1,"minecraft:stick":12,"minecraft:wooden_pickaxe":1},"minecraft:custom":{"minecraft:time_since_rest":17780,"minecraft:play_time":17780,"minecraft:sprint_one_cm":48755,"minecraft:damage_taken":60,"minecraft:walk_one_cm":25939,"minecraft:sneak_time":32,"minecraft:walk_under_water_one_cm":1875,"minecraft:jump":241,"minecraft:damage_dealt":10,"minecraft:leave_game":8,"minecraft:walk_on_water_one_cm":6665,"minecraft:time_since_death":17780,"minecraft:total_world_time":17780,"minecraft:swim_one_cm":6975,"minecraft:interact_with_crafting_table":1,"minecraft:fall_one_cm":4768,"minecraft:fly_one_cm":39192},"minecraft:picked_up":{"minecraft:crafting_table":1,"minecraft:sweet_berries":28,"minecraft:oak_log":5}},"DataVersion":3578}