{"stats":{"minecraft:mined":{"minecraft:large_amethyst_bud":2,"minecraft:stone_pressure_plate":1,"minecraft:deepslate_diamond_ore":40,"minecraft:mangrove_roots":2,"minecraft:acacia_log":13,"minecraft:sandstone":19,"minecraft:spawner":1,"minecraft:furnace":2,"minecraft:iron_ore":1,"minecraft:cobbled_deepslate":3,"minecraft:gold_block":1,"minecraft:deepslate_iron_ore":18,"minecraft:stone":26,"minecraft:tripwire":1,"minecraft:cut_sandstone":2,"minecraft:smoker":1,"minecraft:amethyst_cluster":1,"minecraft:orange_terracotta":1,"minecraft:smooth_sandstone":8,"minecraft:crafting_table":8,"minecraft:torch":1,"minecraft:calcite":2,"minecraft:dead_bush":59,"minecraft:cobblestone":1,"minecraft:sugar_cane":13,"minecraft:oak_planks":10,"minecraft:diorite":1,"minecraft:amethyst_block":2,"minecraft:sweet_berry_bush":28,"minecraft:spruce_log":6,"minecraft:tnt":9,"minecraft:grass":8,"minecraft:oak_log":5,"minecraft:coal_ore":28,"minecraft:gravel":10,"minecraft:sand":82,"minecraft:smooth_basalt":1,"minecraft:netherrack":48,"minecraft:fern":2,"minecraft:deepslate":80},"minecraft:used":{"minecraft:writable_book":1,"minecraft:flint_and_steel":1,"minecraft:spruce_planks":1,"minecraft:shield":14,"minecraft:bell":1,"minecraft:cooked_salmon":4,"minecraft:netherrack":28,"minecraft:torch":27,"minecraft:carrot":1,"minecraft:obsidian":2,"minecraft:smooth_sandstone":8,"minecraft:smooth_basalt":1,"minecraft:light_gray_wool":2,"minecraft:sweet_berries":58,"minecraft:furnace":2,"minecraft:cooked_cod":1,"minecraft:potato":3,"minecraft:cobbled_deepslate":71,"minecraft:acacia_boat":6,"minecraft:stone_pickaxe":128,"minecraft:oak_planks":1,"minecraft:wooden_pickaxe":11,"minecraft:sandstone":13,"minecraft:diamond_axe":55,"minecraft:sand":19,"minecraft:crafting_table":8,"minecraft:bread":5,"minecraft:iron_pickaxe":170,"minecraft:string":1,"minecraft:gravel":9,"minecraft:stone_axe":74,"minecraft:cobblestone":15,"minecraft:cooked_porkchop":4,"minecraft:oak_boat":2},"minecraft:crafted":{"minecraft:oak_planks":16,"minecraft:furnace":1,"minecraft:flint_and_steel":1,"minecraft:diamond_leggings":1,"minecraft:stone_pickaxe":1,"minecraft:diamond_boots":1,"minecraft:cooked_porkchop":8,"minecraft:diamond_axe":1,"minecraft:crafting_table":1,"minecraft:spruce_planks":20,"minecraft:wooden_pickaxe":1,"minecraft:stone_axe":1,"minecraft:acacia_boat":1,"minecraft:air":0,"minecraft:oak_boat":1,"minecraft:diamond_pickaxe":1,"minecraft:shield":1,"minecraft:stick":20,"minecraft:iron_pickaxe":1,"minecraft:iron_ingot":21,"minecraft:gold_ingot":9,"minecraft:acacia_planks":52,"minecraft:torch":24,"minecraft:diamond_chestplate":1},"minecraft:dropped":{"minecraft:iron_ingot":3,"minecraft:wheat_seeds":1,"minecraft:lapis_lazuli":1,"minecraft:diamond":1,"minecraft:prismarine_crystals":5,"minecraft:amethyst_block":3,"minecraft:coal":4,"minecraft:stick":1,"minecraft:writable_book":1,"minecraft:moss_carpet":1,"minecraft:kelp":2,"minecraft:sweet_berries":1,"minecraft:mangrove_roots":1,"minecraft:iron_nugget":1,"minecraft:cobbled_deepslate":3,"minecraft:filled_map":2,"minecraft:leather_boots":1,"minecraft:wooden_pickaxe":1},"minecraft:broken":{"minecraft:stone_pickaxe":1,"minecraft:stone_axe":1},"minecraft:killed_by":{"minecraft:player":2,"minecraft:cave_spider":2},"minecraft:killed":{"minecraft:cave_spider":7,"minecraft:skeleton":2,"minecraft:drowned":2,"minecraft:pig":8,"minecraft:iron_golem":1,"minecraft:sheep":7,"minecraft:zombie":2},"minecraft:custom":{"minecraft:mob_kills":29,"minecraft:interact_with_crafting_table":22,"minecraft:bell_ring":27,"minecraft:leave_game":2,"minecraft:time_since_death":84695,"minecraft:climb_one_cm":1903,"minecraft:sprint_one_cm":309624,"minecraft:walk_one_cm":267342,"minecraft:damage_blocked_by_shield":295,"minecraft:drop":28,"minecraft:talked_to_villager":7,"minecraft:play_time":121164,"minecraft:deaths":6,"minecraft:sneak_time":3621,"minecraft:walk_under_water_one_cm":42534,"minecraft:boat_one_cm":390295,"minecraft:jump":2333,"minecraft:walk_on_water_one_cm":32189,"minecraft:total_world_time":121164,"minecraft:interact_with_furnace":18,"minecraft:time_since_rest":84715,"minecraft:damage_taken":2734,"minecraft:damage_dealt":6349,"minecraft:swim_one_cm":107396,"minecraft:fly_one_cm":358405,"minecraft:player_kills":4,"minecraft:open_chest":36,"minecraft:crouch_one_cm":5957,"minecraft:fall_one_cm":59161,"minecraft:horse_one_cm":128499},"minecraft:picked_up":{"minecraft:crafting_table":9,"minecraft:gold_block":1,"minecraft:shield":1,"minecraft:amethyst_block":3,"minecraft:string":15,"minecraft:moss_carpet":1,"minecraft:cobbled_deepslate":93,"minecraft:spruce_planks":10,"minecraft:oak_boat":1,"minecraft:iron_pickaxe":1,"minecraft:light_gray_wool":2,"minecraft:sugar_cane":30,"minecraft:furnace":3,"minecraft:stick":65,"minecraft:raw_iron":22,"minecraft:sandstone":16,"minecraft:torch":2,"minecraft:acacia_log":13,"minecraft:porkchop":17,"minecraft:prismarine_crystals":5,"minecraft:stone_pressure_plate":1,"minecraft:tnt":7,"minecraft:arrow":3,"minecraft:mangrove_roots":1,"minecraft:mutton":8,"minecraft:white_wool":5,"minecraft:cobblestone":27,"minecraft:smoker":1,"minecraft:filled_map":1,"minecraft:flint":1,"minecraft:oak_log":10,"minecraft:acacia_boat":6,"minecraft:orange_terracotta":1,"minecraft:smooth_sandstone":8,"minecraft:bone":5,"minecraft:kelp":2,"minecraft:wheat_seeds":1,"minecraft:bell":1,"minecraft:iron_ingot":11,"minecraft:stone_pickaxe":2,"minecraft:oak_planks":22,"minecraft:smooth_basalt":1,"minecraft:sweet_berries":129,"minecraft:gravel":9,"minecraft:sand":71,"minecraft:amethyst_shard":4,"minecraft:spruce_log":5,"minecraft:diamond":50,"minecraft:stone_axe":2,"minecraft:writable_book":1,"minecraft:golden_apple":1,"minecraft:bread":2,"minecraft:netherrack":45,"minecraft:coal":33}},"DataVersion":3578}