{"stats":{"minecraft:mined":{"minecraft:iron_ore":1,"minecraft:sweet_berry_bush":28,"minecraft:spruce_log":6,"minecraft:crafting_table":1,"minecraft:grass":1,"minecraft:stone":16,"minecraft:diorite":1,"minecraft:fern":2},"minecraft:used":{"minecraft:writable_book":1,"minecraft:stone_pickaxe":7,"minecraft:wooden_pickaxe":11,"minecraft:stone_axe":1,"minecraft:cobblestone":1,"minecraft:crafting_table":1,"minecraft:sweet_berries":7},"minecraft:crafted":{"minecraft:crafting_table":1,"minecraft:spruce_planks":20,"minecraft:stick":8,"minecraft:wooden_pickaxe":1,"minecraft:stone_pickaxe":1,"minecraft:stone_axe":1},"minecraft:dropped":{"minecraft:writable_book":1,"minecraft:wooden_pickaxe":1},"minecraft:killed_by":{"minecraft:player":2},"minecraft:custom":{"minecraft:time_since_rest":7373,"minecraft:sprint_one_cm":62641,"minecraft:damage_taken":1106,"minecraft:walk_one_cm":50238,"minecraft:drop":2,"minecraft:damage_dealt":781,"minecraft:swim_one_cm":2861,"minecraft:interact_with_crafting_table":2,"minecraft:fly_one_cm":103974,"minecraft:player_kills":4,"minecraft:crouch_one_cm":435,"minecraft:play_time":19185,"minecraft:deaths":4,"minecraft:sneak_time":303,"minecraft:walk_under_water_one_cm":1669,"minecraft:jump":579,"minecraft:leave_game":2,"minecraft:walk_on_water_one_cm":1774,"minecraft:time_since_death":7344,"minecraft:total_world_time":19185,"minecraft:fall_one_cm":15671},"minecraft:picked_up":{"minecraft:crafting_table":1,"minecraft:raw_iron":1,"minecraft:sweet_berries":58,"minecraft:spruce_log":5,"minecraft:writable_book":1,"minecraft:cobblestone":16}},"DataVersion":3578}