{"stats":{"minecraft:used":{"minecraft:writable_book":1},"minecraft:dropped":{"minecraft:writable_book":1},"minecraft:killed_by":{"minecraft:player":2},"minecraft:custom":{"minecraft:jump":177,"minecraft:time_since_rest":3458,"minecraft:walk_on_water_one_cm":997,"minecraft:deaths":2,"minecraft:damage_dealt":541,"minecraft:play_time":7185,"minecraft:leave_game":2,"minecraft:sprint_one_cm":20793,"minecraft:damage_taken":576,"minecraft:time_since_death":3430,"minecraft:walk_one_cm":23786,"minecraft:sneak_time":19,"minecraft:total_world_time":7185,"minecraft:walk_under_water_one_cm":799,"minecraft:drop":1,"minecraft:swim_one_cm":2861,"minecraft:fall_one_cm":2673,"minecraft:fly_one_cm":27767,"minecraft:player_kills":2},"minecraft:picked_up":{"minecraft:writable_book":1}},"DataVersion":3578}