{"stats":{"minecraft:mined":{"minecraft:deepslate_diamond_ore":35,"minecraft:crafting_table":2,"minecraft:torch":1,"minecraft:cobblestone":1,"minecraft:oak_planks":10,"minecraft:diorite":1,"minecraft:spawner":1,"minecraft:furnace":1,"minecraft:iron_ore":1,"minecraft:sweet_berry_bush":28,"minecraft:spruce_log":6,"minecraft:grass":1,"minecraft:coal_ore":3,"minecraft:oak_log":5,"minecraft:deepslate_iron_ore":8,"minecraft:stone":21,"minecraft:deepslate":60,"minecraft:fern":2},"minecraft:used":{"minecraft:writable_book":1,"minecraft:stone_pickaxe":48,"minecraft:spruce_planks":1,"minecraft:wooden_pickaxe":11,"minecraft:shield":2,"minecraft:torch":27,"minecraft:crafting_table":2,"minecraft:bread":2,"minecraft:iron_pickaxe":75,"minecraft:stone_axe":59,"minecraft:cobblestone":15,"minecraft:sweet_berries":34,"minecraft:furnace":1,"minecraft:cobbled_deepslate":20},"minecraft:crafted":{"minecraft:crafting_table":1,"minecraft:spruce_planks":20,"minecraft:wooden_pickaxe":1,"minecraft:furnace":1,"minecraft:stone_axe":1,"minecraft:air":0,"minecraft:shield":1,"minecraft:stick":16,"minecraft:iron_ingot":5,"minecraft:iron_pickaxe":1,"minecraft:stone_pickaxe":1,"minecraft:torch":24},"minecraft:dropped":{"minecraft:writable_book":1,"minecraft:wooden_pickaxe":1},"minecraft:killed_by":{"minecraft:player":2,"minecraft:cave_spider":2},"minecraft:killed":{"minecraft:cave_spider":3,"minecraft:skeleton":1,"minecraft:zombie":2},"minecraft:custom":{"minecraft:interact_with_furnace":3,"minecraft:mob_kills":6,"minecraft:interact_with_crafting_table":6,"minecraft:leave_game":2,"minecraft:time_since_death":6695,"minecraft:time_since_rest":6715,"minecraft:sprint_one_cm":159423,"minecraft:damage_taken":1962,"minecraft:walk_one_cm":134150,"minecraft:damage_blocked_by_shield":55,"minecraft:drop":2,"minecraft:damage_dealt":2019,"minecraft:swim_one_cm":2861,"minecraft:player_kills":4,"minecraft:fly_one_cm":127756,"minecraft:crouch_one_cm":3737,"minecraft:play_time":43164,"minecraft:deaths":6,"minecraft:sneak_time":1894,"minecraft:walk_under_water_one_cm":6809,"minecraft:jump":956,"minecraft:walk_on_water_one_cm":5279,"minecraft:total_world_time":43164,"minecraft:fall_one_cm":19543},"minecraft:picked_up":{"minecraft:crafting_table":4,"minecraft:oak_log":10,"minecraft:shield":1,"minecraft:string":8,"minecraft:bone":4,"minecraft:cobbled_deepslate":71,"minecraft:spruce_planks":10,"minecraft:iron_ingot":1,"minecraft:stone_pickaxe":2,"minecraft:iron_pickaxe":1,"minecraft:oak_planks":14,"minecraft:furnace":2,"minecraft:raw_iron":12,"minecraft:stick":2,"minecraft:sweet_berries":128,"minecraft:torch":2,"minecraft:spruce_log":5,"minecraft:arrow":2,"minecraft:diamond":45,"minecraft:stone_axe":2,"minecraft:writable_book":1,"minecraft:golden_apple":1,"minecraft:bread":2,"minecraft:coal":4,"minecraft:cobblestone":22}},"DataVersion":3578}