{"stats":{"minecraft:mined":{"minecraft:furnace":1,"minecraft:deepslate_diamond_ore":8,"minecraft:iron_ore":1,"minecraft:sweet_berry_bush":28,"minecraft:spruce_log":6,"minecraft:crafting_table":2,"minecraft:grass":1,"minecraft:oak_log":5,"minecraft:coal_ore":3,"minecraft:deepslate_iron_ore":5,"minecraft:cobblestone":1,"minecraft:stone":21,"minecraft:oak_planks":2,"minecraft:diorite":1,"minecraft:deepslate":20,"minecraft:fern":2},"minecraft:used":{"minecraft:writable_book":1,"minecraft:bread":1,"minecraft:stone_pickaxe":43,"minecraft:iron_pickaxe":9,"minecraft:shield":2,"minecraft:wooden_pickaxe":11,"minecraft:stone_axe":37,"minecraft:torch":24,"minecraft:cobblestone":14,"minecraft:crafting_table":2,"minecraft:sweet_berries":18,"minecraft:furnace":1,"minecraft:cobbled_deepslate":1},"minecraft:crafted":{"minecraft:shield":1,"minecraft:crafting_table":1,"minecraft:spruce_planks":20,"minecraft:stick":16,"minecraft:iron_pickaxe":1,"minecraft:iron_ingot":5,"minecraft:wooden_pickaxe":1,"minecraft:stone_pickaxe":1,"minecraft:furnace":1,"minecraft:torch":24,"minecraft:stone_axe":1,"minecraft:air":0},"minecraft:dropped":{"minecraft:writable_book":1,"minecraft:wooden_pickaxe":1},"minecraft:killed_by":{"minecraft:player":2,"minecraft:cave_spider":1},"minecraft:killed":{"minecraft:skeleton":1,"minecraft:cave_spider":3},"minecraft:custom":{"minecraft:time_since_rest":6655,"minecraft:interact_with_furnace":3,"minecraft:sprint_one_cm":114993,"minecraft:damage_taken":1641,"minecraft:walk_one_cm":87268,"minecraft:damage_blocked_by_shield":55,"minecraft:mob_kills":4,"minecraft:drop":2,"minecraft:damage_dealt":1503,"minecraft:swim_one_cm":2861,"minecraft:interact_with_crafting_table":6,"minecraft:fly_one_cm":115029,"minecraft:player_kills":4,"minecraft:crouch_one_cm":2141,"minecraft:play_time":31176,"minecraft:deaths":5,"minecraft:sneak_time":1127,"minecraft:walk_under_water_one_cm":6781,"minecraft:jump":762,"minecraft:leave_game":2,"minecraft:walk_on_water_one_cm":4062,"minecraft:time_since_death":6635,"minecraft:total_world_time":31176,"minecraft:fall_one_cm":16988},"minecraft:picked_up":{"minecraft:crafting_table":3,"minecraft:raw_iron":7,"minecraft:sweet_berries":103,"minecraft:oak_log":6,"minecraft:spruce_log":5,"minecraft:string":4,"minecraft:diamond":8,"minecraft:stone_axe":1,"minecraft:cobbled_deepslate":24,"minecraft:writable_book":1,"minecraft:spruce_planks":9,"minecraft:stone_pickaxe":1,"minecraft:bread":2,"minecraft:oak_planks":2,"minecraft:coal":4,"minecraft:cobblestone":21,"minecraft:furnace":1}},"DataVersion":3578}