{"stats":{"minecraft:mined":{"minecraft:deepslate_diamond_ore":40,"minecraft:crafting_table":2,"minecraft:torch":1,"minecraft:cobblestone":1,"minecraft:oak_planks":10,"minecraft:diorite":1,"minecraft:spawner":1,"minecraft:furnace":1,"minecraft:cobbled_deepslate":2,"minecraft:iron_ore":1,"minecraft:sweet_berry_bush":28,"minecraft:spruce_log":6,"minecraft:gold_block":1,"minecraft:grass":1,"minecraft:coal_ore":3,"minecraft:oak_log":5,"minecraft:deepslate_iron_ore":18,"minecraft:gravel":10,"minecraft:stone":21,"minecraft:tripwire":1,"minecraft:deepslate":80,"minecraft:fern":2},"minecraft:used":{"minecraft:writable_book":1,"minecraft:flint_and_steel":1,"minecraft:stone_pickaxe":77,"minecraft:spruce_planks":1,"minecraft:wooden_pickaxe":11,"minecraft:shield":14,"minecraft:torch":27,"minecraft:crafting_table":2,"minecraft:obsidian":2,"minecraft:bread":2,"minecraft:string":1,"minecraft:iron_pickaxe":88,"minecraft:gravel":9,"minecraft:stone_axe":74,"minecraft:cobblestone":15,"minecraft:sweet_berries":58,"minecraft:furnace":2,"minecraft:cooked_porkchop":1,"minecraft:cobbled_deepslate":45},"minecraft:crafted":{"minecraft:oak_planks":16,"minecraft:cooked_porkchop":8,"minecraft:crafting_table":1,"minecraft:spruce_planks":20,"minecraft:wooden_pickaxe":1,"minecraft:furnace":1,"minecraft:stone_axe":1,"minecraft:air":0,"minecraft:flint_and_steel":1,"minecraft:shield":1,"minecraft:stick":16,"minecraft:iron_ingot":9,"minecraft:iron_pickaxe":1,"minecraft:stone_pickaxe":1,"minecraft:gold_ingot":9,"minecraft:torch":24},"minecraft:dropped":{"minecraft:diamond":1,"minecraft:coal":4,"minecraft:writable_book":1,"minecraft:wooden_pickaxe":1},"minecraft:broken":{"minecraft:stone_axe":1},"minecraft:killed_by":{"minecraft:player":2,"minecraft:cave_spider":2},"minecraft:killed":{"minecraft:cave_spider":7,"minecraft:pig":4,"minecraft:skeleton":1,"minecraft:zombie":2},"minecraft:custom":{"minecraft:interact_with_furnace":13,"minecraft:mob_kills":14,"minecraft:interact_with_crafting_table":6,"minecraft:leave_game":2,"minecraft:time_since_death":18695,"minecraft:time_since_rest":18715,"minecraft:sprint_one_cm":181204,"minecraft:damage_taken":2302,"minecraft:walk_one_cm":165456,"minecraft:damage_blocked_by_shield":295,"minecraft:drop":4,"minecraft:damage_dealt":2899,"minecraft:swim_one_cm":4512,"minecraft:player_kills":4,"minecraft:fly_one_cm":155442,"minecraft:open_chest":3,"minecraft:crouch_one_cm":4330,"minecraft:play_time":55164,"minecraft:deaths":6,"minecraft:sneak_time":2196,"minecraft:walk_under_water_one_cm":7561,"minecraft:jump":1191,"minecraft:walk_on_water_one_cm":6267,"minecraft:total_world_time":55164,"minecraft:fall_one_cm":26097},"minecraft:picked_up":{"minecraft:crafting_table":4,"minecraft:gold_block":1,"minecraft:flint":1,"minecraft:oak_log":10,"minecraft:shield":1,"minecraft:string":15,"minecraft:bone":4,"minecraft:cobbled_deepslate":93,"minecraft:spruce_planks":10,"minecraft:iron_ingot":1,"minecraft:stone_pickaxe":2,"minecraft:iron_pickaxe":1,"minecraft:oak_planks":14,"minecraft:furnace":2,"minecraft:raw_iron":22,"minecraft:stick":2,"minecraft:sweet_berries":128,"minecraft:torch":2,"minecraft:gravel":9,"minecraft:porkchop":8,"minecraft:spruce_log":5,"minecraft:arrow":2,"minecraft:diamond":50,"minecraft:stone_axe":2,"minecraft:writable_book":1,"minecraft:golden_apple":1,"minecraft:bread":2,"minecraft:coal":8,"minecraft:cobblestone":22}},"DataVersion":3578}