{"stats":{"minecraft:mined":{"minecraft:large_amethyst_bud":2,"minecraft:deepslate_diamond_ore":40,"minecraft:amethyst_cluster":1,"minecraft:mangrove_roots":2,"minecraft:crafting_table":7,"minecraft:torch":1,"minecraft:acacia_log":13,"minecraft:calcite":2,"minecraft:dead_bush":1,"minecraft:cobblestone":1,"minecraft:oak_planks":10,"minecraft:diorite":1,"minecraft:amethyst_block":2,"minecraft:spawner":1,"minecraft:furnace":2,"minecraft:cobbled_deepslate":3,"minecraft:iron_ore":1,"minecraft:sweet_berry_bush":28,"minecraft:spruce_log":6,"minecraft:gold_block":1,"minecraft:grass":8,"minecraft:coal_ore":28,"minecraft:oak_log":5,"minecraft:deepslate_iron_ore":18,"minecraft:sand":26,"minecraft:gravel":10,"minecraft:smooth_basalt":1,"minecraft:stone":26,"minecraft:netherrack":45,"minecraft:tripwire":1,"minecraft:deepslate":80,"minecraft:fern":2},"minecraft:used":{"minecraft:acacia_boat":4,"minecraft:writable_book":1,"minecraft:flint_and_steel":1,"minecraft:stone_pickaxe":128,"minecraft:oak_planks":1,"minecraft:spruce_planks":1,"minecraft:wooden_pickaxe":11,"minecraft:shield":14,"minecraft:diamond_axe":32,"minecraft:netherrack":10,"minecraft:torch":27,"minecraft:sand":19,"minecraft:crafting_table":6,"minecraft:carrot":1,"minecraft:obsidian":2,"minecraft:bread":2,"minecraft:string":1,"minecraft:iron_pickaxe":124,"minecraft:gravel":9,"minecraft:light_gray_wool":2,"minecraft:smooth_basalt":1,"minecraft:stone_axe":74,"minecraft:cooked_cod":1,"minecraft:cobblestone":15,"minecraft:sweet_berries":58,"minecraft:furnace":2,"minecraft:cooked_porkchop":4,"minecraft:oak_boat":2,"minecraft:cobbled_deepslate":70},"minecraft:crafted":{"minecraft:oak_planks":16,"minecraft:cooked_porkchop":8,"minecraft:diamond_axe":1,"minecraft:crafting_table":1,"minecraft:spruce_planks":20,"minecraft:wooden_pickaxe":1,"minecraft:furnace":1,"minecraft:stone_axe":1,"minecraft:acacia_boat":1,"minecraft:air":0,"minecraft:flint_and_steel":1,"minecraft:oak_boat":1,"minecraft:diamond_leggings":1,"minecraft:diamond_pickaxe":1,"minecraft:shield":1,"minecraft:stick":20,"minecraft:iron_ingot":21,"minecraft:iron_pickaxe":1,"minecraft:stone_pickaxe":1,"minecraft:diamond_boots":1,"minecraft:gold_ingot":9,"minecraft:acacia_planks":52,"minecraft:torch":24,"minecraft:diamond_chestplate":1},"minecraft:dropped":{"minecraft:moss_carpet":1,"minecraft:kelp":2,"minecraft:sweet_berries":1,"minecraft:wheat_seeds":1,"minecraft:mangrove_roots":1,"minecraft:lapis_lazuli":1,"minecraft:iron_nugget":1,"minecraft:cobbled_deepslate":3,"minecraft:diamond":1,"minecraft:amethyst_block":3,"minecraft:coal":4,"minecraft:filled_map":2,"minecraft:leather_boots":1,"minecraft:writable_book":1,"minecraft:wooden_pickaxe":1},"minecraft:broken":{"minecraft:stone_pickaxe":1,"minecraft:stone_axe":1},"minecraft:killed_by":{"minecraft:player":2,"minecraft:cave_spider":2},"minecraft:killed":{"minecraft:cave_spider":7,"minecraft:pig":8,"minecraft:sheep":7,"minecraft:skeleton":2,"minecraft:zombie":2},"minecraft:custom":{"minecraft:interact_with_furnace":18,"minecraft:mob_kills":26,"minecraft:interact_with_crafting_table":17,"minecraft:leave_game":2,"minecraft:time_since_death":60695,"minecraft:climb_one_cm":1903,"minecraft:time_since_rest":60715,"minecraft:sprint_one_cm":227857,"minecraft:damage_taken":2513,"minecraft:walk_one_cm":219797,"minecraft:damage_blocked_by_shield":295,"minecraft:drop":19,"minecraft:damage_dealt":3955,"minecraft:swim_one_cm":82111,"minecraft:player_kills":4,"minecraft:fly_one_cm":228693,"minecraft:open_chest":26,"minecraft:crouch_one_cm":5829,"minecraft:play_time":97164,"minecraft:deaths":6,"minecraft:sneak_time":3310,"minecraft:walk_under_water_one_cm":31033,"minecraft:boat_one_cm":368251,"minecraft:jump":1723,"minecraft:walk_on_water_one_cm":24606,"minecraft:total_world_time":97164,"minecraft:fall_one_cm":41186,"minecraft:horse_one_cm":347},"minecraft:picked_up":{"minecraft:crafting_table":8,"minecraft:filled_map":1,"minecraft:gold_block":1,"minecraft:flint":1,"minecraft:oak_log":10,"minecraft:shield":1,"minecraft:acacia_boat":4,"minecraft:amethyst_block":3,"minecraft:string":15,"minecraft:moss_carpet":1,"minecraft:bone":5,"minecraft:kelp":2,"minecraft:wheat_seeds":1,"minecraft:cobbled_deepslate":93,"minecraft:spruce_planks":10,"minecraft:iron_ingot":1,"minecraft:stone_pickaxe":2,"minecraft:oak_boat":1,"minecraft:light_gray_wool":2,"minecraft:iron_pickaxe":1,"minecraft:oak_planks":22,"minecraft:furnace":3,"minecraft:raw_iron":22,"minecraft:stick":5,"minecraft:smooth_basalt":1,"minecraft:sweet_berries":129,"minecraft:acacia_log":13,"minecraft:sand":19,"minecraft:torch":2,"minecraft:gravel":9,"minecraft:porkchop":17,"minecraft:amethyst_shard":4,"minecraft:spruce_log":5,"minecraft:arrow":3,"minecraft:diamond":50,"minecraft:stone_axe":2,"minecraft:writable_book":1,"minecraft:golden_apple":1,"minecraft:mangrove_roots":1,"minecraft:bread":2,"minecraft:mutton":8,"minecraft:netherrack":42,"minecraft:coal":33,"minecraft:white_wool":5,"minecraft:cobblestone":27}},"DataVersion":3578}