{"stats":{"minecraft:mined":{"minecraft:deepslate_diamond_ore":40,"minecraft:mangrove_roots":1,"minecraft:crafting_table":6,"minecraft:torch":1,"minecraft:cobblestone":1,"minecraft:oak_planks":10,"minecraft:diorite":1,"minecraft:spawner":1,"minecraft:furnace":2,"minecraft:cobbled_deepslate":3,"minecraft:iron_ore":1,"minecraft:sweet_berry_bush":28,"minecraft:spruce_log":6,"minecraft:gold_block":1,"minecraft:grass":3,"minecraft:coal_ore":3,"minecraft:oak_log":5,"minecraft:deepslate_iron_ore":18,"minecraft:sand":14,"minecraft:gravel":10,"minecraft:stone":21,"minecraft:netherrack":45,"minecraft:tripwire":1,"minecraft:deepslate":80,"minecraft:fern":2},"minecraft:used":{"minecraft:writable_book":1,"minecraft:flint_and_steel":1,"minecraft:stone_pickaxe":124,"minecraft:spruce_planks":1,"minecraft:wooden_pickaxe":11,"minecraft:shield":14,"minecraft:diamond_axe":4,"minecraft:netherrack":6,"minecraft:torch":27,"minecraft:sand":16,"minecraft:crafting_table":5,"minecraft:carrot":1,"minecraft:obsidian":2,"minecraft:bread":2,"minecraft:string":1,"minecraft:iron_pickaxe":88,"minecraft:gravel":9,"minecraft:stone_axe":74,"minecraft:cobblestone":15,"minecraft:sweet_berries":58,"minecraft:furnace":2,"minecraft:cooked_porkchop":2,"minecraft:oak_boat":2,"minecraft:cobbled_deepslate":68},"minecraft:crafted":{"minecraft:oak_planks":16,"minecraft:cooked_porkchop":8,"minecraft:diamond_axe":1,"minecraft:crafting_table":1,"minecraft:spruce_planks":20,"minecraft:wooden_pickaxe":1,"minecraft:furnace":1,"minecraft:stone_axe":1,"minecraft:air":0,"minecraft:flint_and_steel":1,"minecraft:oak_boat":1,"minecraft:diamond_leggings":1,"minecraft:diamond_pickaxe":1,"minecraft:shield":1,"minecraft:stick":20,"minecraft:iron_ingot":21,"minecraft:iron_pickaxe":1,"minecraft:stone_pickaxe":1,"minecraft:diamond_boots":1,"minecraft:gold_ingot":9,"minecraft:torch":24,"minecraft:diamond_chestplate":1},"minecraft:dropped":{"minecraft:sweet_berries":1,"minecraft:lapis_lazuli":1,"minecraft:diamond":1,"minecraft:coal":4,"minecraft:filled_map":2,"minecraft:leather_boots":1,"minecraft:writable_book":1,"minecraft:wooden_pickaxe":1},"minecraft:broken":{"minecraft:stone_axe":1},"minecraft:killed_by":{"minecraft:player":2,"minecraft:cave_spider":2},"minecraft:killed":{"minecraft:cave_spider":7,"minecraft:pig":4,"minecraft:skeleton":1,"minecraft:zombie":2},"minecraft:custom":{"minecraft:interact_with_furnace":18,"minecraft:mob_kills":14,"minecraft:interact_with_crafting_table":16,"minecraft:leave_game":2,"minecraft:time_since_death":42695,"minecraft:climb_one_cm":1698,"minecraft:time_since_rest":42715,"minecraft:sprint_one_cm":199432,"minecraft:damage_taken":2387,"minecraft:walk_one_cm":194100,"minecraft:damage_blocked_by_shield":295,"minecraft:drop":9,"minecraft:damage_dealt":2899,"minecraft:swim_one_cm":63204,"minecraft:player_kills":4,"minecraft:fly_one_cm":180150,"minecraft:open_chest":20,"minecraft:crouch_one_cm":5421,"minecraft:play_time":79164,"minecraft:deaths":6,"minecraft:sneak_time":2836,"minecraft:walk_under_water_one_cm":22802,"minecraft:boat_one_cm":231431,"minecraft:jump":1406,"minecraft:walk_on_water_one_cm":15154,"minecraft:total_world_time":79164,"minecraft:fall_one_cm":30484},"minecraft:picked_up":{"minecraft:crafting_table":7,"minecraft:filled_map":1,"minecraft:gold_block":1,"minecraft:flint":1,"minecraft:oak_log":10,"minecraft:shield":1,"minecraft:string":15,"minecraft:bone":4,"minecraft:cobbled_deepslate":93,"minecraft:spruce_planks":10,"minecraft:iron_ingot":1,"minecraft:stone_pickaxe":2,"minecraft:oak_boat":1,"minecraft:iron_pickaxe":1,"minecraft:oak_planks":22,"minecraft:furnace":3,"minecraft:raw_iron":22,"minecraft:stick":2,"minecraft:sweet_berries":129,"minecraft:sand":16,"minecraft:torch":2,"minecraft:gravel":9,"minecraft:porkchop":8,"minecraft:spruce_log":5,"minecraft:arrow":2,"minecraft:diamond":50,"minecraft:stone_axe":2,"minecraft:writable_book":1,"minecraft:golden_apple":1,"minecraft:bread":2,"minecraft:netherrack":42,"minecraft:coal":8,"minecraft:cobblestone":22}},"DataVersion":3578}