{"stats":{"minecraft:killed_by":{"minecraft:player":2,"minecraft:skeleton":1},"minecraft:broken":{"minecraft:diamond_boots":1,"minecraft:diamond_chestplate":1,"minecraft:diamond_helmet":1,"minecraft:diamond_leggings":1},"minecraft:picked_up":{"minecraft:golden_carrot":49,"minecraft:water_bucket":2,"minecraft:brown_mushroom":1,"minecraft:diamond_sword":6,"minecraft:powder_snow_bucket":4,"minecraft:gunpowder":1,"minecraft:elytra":1,"minecraft:string":1,"minecraft:leather_boots":1,"minecraft:bone":1,"minecraft:wheat_seeds":3,"minecraft:netherite_axe":2,"minecraft:diamond_helmet":2,"minecraft:sculk_catalyst":31,"minecraft:stick":8,"minecraft:sweet_berries":3,"minecraft:lava_bucket":2,"minecraft:redstone":63,"minecraft:spider_eye":1,"minecraft:firework_rocket":56,"minecraft:rotten_flesh":4,"minecraft:golden_apple":14,"minecraft:end_rod":1,"minecraft:cobblestone":132},"minecraft:mined":{"minecraft:ice":2,"minecraft:grass":2,"minecraft:fern":1},"minecraft:killed":{"minecraft:zombie_villager":1,"minecraft:creeper":1,"minecraft:skeleton":2,"minecraft:zombie":2,"minecraft:warden":1,"minecraft:turtle":1},"minecraft:custom":{"minecraft:mob_kills":8,"minecraft:leave_game":2,"minecraft:time_since_death":2295,"minecraft:time_since_rest":2491,"minecraft:damage_absorbed":237,"minecraft:sprint_one_cm":224803,"minecraft:damage_taken":41643,"minecraft:walk_one_cm":158433,"minecraft:drop":25,"minecraft:damage_dealt":21297,"minecraft:damage_dealt_absorbed":242,"minecraft:swim_one_cm":10350,"minecraft:player_kills":4,"minecraft:fly_one_cm":1241594,"minecraft:crouch_one_cm":10499,"minecraft:play_time":81551,"minecraft:deaths":8,"minecraft:sneak_time":4116,"minecraft:walk_under_water_one_cm":4248,"minecraft:boat_one_cm":59582,"minecraft:aviate_one_cm":254018,"minecraft:jump":1786,"minecraft:walk_on_water_one_cm":5510,"minecraft:total_world_time":81551,"minecraft:fall_one_cm":139963},"minecraft:used":{"minecraft:turtle_spawn_egg":1,"minecraft:water_bucket":6,"minecraft:netherite_sword":5,"minecraft:redstone":4,"minecraft:elytra":2,"minecraft:birch_boat":1,"minecraft:stone":1,"minecraft:leather_boots":1,"minecraft:calibrated_sculk_sensor":1,"minecraft:golden_apple":7,"minecraft:mossy_cobblestone":2,"minecraft:dirt":2,"minecraft:comparator":1,"minecraft:warden_spawn_egg":1,"minecraft:redstone_torch":1,"minecraft:big_dripleaf":1,"minecraft:sticky_piston":2,"minecraft:bamboo_raft":1,"minecraft:lava_bucket":5,"minecraft:firework_rocket":44,"minecraft:grass_block":1,"minecraft:netherite_axe":2,"minecraft:spawner":2,"minecraft:diamond_sword":222,"minecraft:golden_carrot":27,"minecraft:cobblestone":8,"minecraft:bucket":74,"minecraft:ice":75,"minecraft:brush":19,"minecraft:powder_snow_bucket":67,"minecraft:sculk_catalyst":7,"minecraft:oak_chest_boat":1,"minecraft:pointed_dripstone":8},"minecraft:dropped":{"minecraft:water_bucket":1,"minecraft:wheat_seeds":1,"minecraft:diamond_leggings":1,"minecraft:netherite_axe":1,"minecraft:cobblestone":64,"minecraft:rotten_flesh":2,"minecraft:golden_apple":10,"minecraft:end_rod":1,"minecraft:lava_bucket":1,"minecraft:diamond_sword":5,"minecraft:gunpowder":1,"minecraft:powder_snow_bucket":2,"minecraft:golden_carrot":64,"minecraft:diamond_chestplate":1,"minecraft:diamond_helmet":4,"minecraft:diamond_boots":1}},"DataVersion":3578}