{"stats":{"minecraft:killed_by":{"minecraft:player":2,"minecraft:skeleton":1},"minecraft:broken":{"minecraft:diamond_boots":1,"minecraft:diamond_chestplate":1,"minecraft:diamond_leggings":1,"minecraft:diamond_helmet":1},"minecraft:picked_up":{"minecraft:golden_carrot":49,"minecraft:water_bucket":2,"minecraft:brown_mushroom":1,"minecraft:diamond_sword":6,"minecraft:lava_bucket":2,"minecraft:gunpowder":1,"minecraft:string":1,"minecraft:redstone":63,"minecraft:spider_eye":1,"minecraft:rotten_flesh":2,"minecraft:wheat_seeds":3,"minecraft:netherite_axe":2,"minecraft:golden_apple":14,"minecraft:end_rod":1,"minecraft:diamond_helmet":2,"minecraft:sculk_catalyst":31,"minecraft:cobblestone":132},"minecraft:mined":{"minecraft:ice":2,"minecraft:grass":2},"minecraft:killed":{"minecraft:skeleton":1,"minecraft:zombie":1,"minecraft:zombie_villager":1,"minecraft:turtle":1,"minecraft:warden":1,"minecraft:creeper":1},"minecraft:custom":{"minecraft:time_since_rest":11169,"minecraft:damage_absorbed":237,"minecraft:sprint_one_cm":181458,"minecraft:damage_taken":31536,"minecraft:walk_one_cm":125346,"minecraft:mob_kills":6,"minecraft:drop":23,"minecraft:damage_dealt":20841,"minecraft:damage_dealt_absorbed":242,"minecraft:swim_one_cm":6622,"minecraft:player_kills":4,"minecraft:fly_one_cm":1191930,"minecraft:crouch_one_cm":8084,"minecraft:deaths":5,"minecraft:play_time":65986,"minecraft:sneak_time":3279,"minecraft:walk_under_water_one_cm":3589,"minecraft:boat_one_cm":59582,"minecraft:jump":1517,"minecraft:walk_on_water_one_cm":4777,"minecraft:time_since_death":11143,"minecraft:total_world_time":65986,"minecraft:fall_one_cm":35029},"minecraft:used":{"minecraft:big_dripleaf":1,"minecraft:redstone_torch":1,"minecraft:sticky_piston":2,"minecraft:netherite_sword":3,"minecraft:water_bucket":5,"minecraft:lava_bucket":5,"minecraft:grass_block":1,"minecraft:redstone":4,"minecraft:spawner":2,"minecraft:netherite_axe":2,"minecraft:birch_boat":1,"minecraft:stone":1,"minecraft:calibrated_sculk_sensor":1,"minecraft:dirt":1,"minecraft:golden_apple":7,"minecraft:mossy_cobblestone":2,"minecraft:diamond_sword":222,"minecraft:cobblestone":8,"minecraft:golden_carrot":27,"minecraft:comparator":1,"minecraft:bucket":24,"minecraft:ice":75,"minecraft:powder_snow_bucket":17,"minecraft:turtle_spawn_egg":1,"minecraft:sculk_catalyst":7,"minecraft:warden_spawn_egg":1,"minecraft:oak_chest_boat":1},"minecraft:dropped":{"minecraft:water_bucket":1,"minecraft:diamond_sword":5,"minecraft:wheat_seeds":1,"minecraft:gunpowder":1,"minecraft:golden_carrot":64,"minecraft:diamond_chestplate":1,"minecraft:diamond_leggings":1,"minecraft:netherite_axe":1,"minecraft:diamond_helmet":4,"minecraft:cobblestone":64,"minecraft:rotten_flesh":2,"minecraft:diamond_boots":1,"minecraft:golden_apple":10,"minecraft:end_rod":1,"minecraft:lava_bucket":1}},"DataVersion":3578}