{"stats":{"minecraft:picked_up":{"minecraft:redstone":63,"minecraft:rotten_flesh":2,"minecraft:end_rod":1},"minecraft:mined":{"minecraft:ice":2},"minecraft:killed":{"minecraft:zombie":1,"minecraft:warden":1},"minecraft:custom":{"minecraft:time_since_rest":29986,"minecraft:sprint_one_cm":34210,"minecraft:damage_taken":410,"minecraft:walk_one_cm":31495,"minecraft:mob_kills":2,"minecraft:drop":14,"minecraft:damage_dealt":5963,"minecraft:damage_dealt_absorbed":81,"minecraft:swim_one_cm":5086,"minecraft:player_kills":1,"minecraft:fly_one_cm":483702,"minecraft:crouch_one_cm":2128,"minecraft:play_time":29986,"minecraft:sneak_time":1305,"minecraft:walk_under_water_one_cm":3512,"minecraft:boat_one_cm":59582,"minecraft:jump":341,"minecraft:walk_on_water_one_cm":4198,"minecraft:time_since_death":29986,"minecraft:total_world_time":29986,"minecraft:fall_one_cm":2415},"minecraft:used":{"minecraft:big_dripleaf":1,"minecraft:redstone_torch":1,"minecraft:sticky_piston":2,"minecraft:water_bucket":2,"minecraft:lava_bucket":1,"minecraft:grass_block":1,"minecraft:redstone":4,"minecraft:netherite_axe":1,"minecraft:birch_boat":1,"minecraft:calibrated_sculk_sensor":1,"minecraft:mossy_cobblestone":2,"minecraft:diamond_sword":68,"minecraft:golden_carrot":4,"minecraft:comparator":1,"minecraft:bucket":3,"minecraft:ice":7,"minecraft:oak_chest_boat":1},"minecraft:dropped":{"minecraft:water_bucket":1,"minecraft:diamond_sword":1,"minecraft:golden_carrot":64,"minecraft:diamond_chestplate":1,"minecraft:diamond_leggings":1,"minecraft:netherite_axe":1,"minecraft:diamond_helmet":1,"minecraft:cobblestone":64,"minecraft:rotten_flesh":2,"minecraft:diamond_boots":1,"minecraft:golden_apple":10,"minecraft:end_rod":1,"minecraft:lava_bucket":1}},"DataVersion":3578}