{"stats":{"minecraft:mined":{"minecraft:deepslate_diamond_ore":2,"minecraft:granite":1,"minecraft:grass_block":2,"minecraft:furnace":2,"minecraft:iron_ore":81,"minecraft:andesite":10,"minecraft:peony":1,"minecraft:cave_vines":1,"minecraft:deepslate_iron_ore":13,"minecraft:stone":87,"minecraft:podzol":1,"minecraft:crafting_table":5,"minecraft:tall_grass":2,"minecraft:cobblestone":9,"minecraft:lapis_ore":4,"minecraft:sugar_cane":1,"minecraft:diorite":22,"minecraft:ice":2,"minecraft:spruce_log":7,"minecraft:grass":5,"minecraft:coal_ore":21,"minecraft:gravel":2,"minecraft:dirt":12,"minecraft:deepslate":5,"minecraft:fern":2},"minecraft:used":{"minecraft:peony":1,"minecraft:netherite_sword":5,"minecraft:redstone":4,"minecraft:elytra":4,"minecraft:shield":7,"minecraft:stone":1,"minecraft:iron_sword":79,"minecraft:cooked_salmon":6,"minecraft:dirt":12,"minecraft:axolotl_bucket":1,"minecraft:big_dripleaf":1,"minecraft:warden_spawn_egg":1,"minecraft:spruce_boat":3,"minecraft:bamboo_raft":1,"minecraft:lava_bucket":5,"minecraft:music_disc_pigstep":1,"minecraft:grass_block":1,"minecraft:spawner":2,"minecraft:iron_helmet":1,"minecraft:golden_carrot":27,"minecraft:sweet_berries":2,"minecraft:cooked_cod":8,"minecraft:furnace":2,"minecraft:powder_snow_bucket":67,"minecraft:enchanted_golden_apple":1,"minecraft:oak_chest_boat":1,"minecraft:iron_leggings":1,"minecraft:pointed_dripstone":8,"minecraft:turtle_spawn_egg":1,"minecraft:water_bucket":19,"minecraft:stone_pickaxe":132,"minecraft:birch_boat":1,"minecraft:wooden_pickaxe":15,"minecraft:leather_boots":1,"minecraft:calibrated_sculk_sensor":1,"minecraft:glow_berries":1,"minecraft:golden_apple":7,"minecraft:mossy_cobblestone":2,"minecraft:comparator":1,"minecraft:crafting_table":5,"minecraft:cod":1,"minecraft:redstone_torch":1,"minecraft:sticky_piston":2,"minecraft:firework_rocket":80,"minecraft:bread":1,"minecraft:iron_pickaxe":111,"minecraft:netherite_axe":2,"minecraft:gravel":1,"minecraft:stone_axe":15,"minecraft:diamond_sword":222,"minecraft:fishing_rod":27,"minecraft:cobblestone":67,"minecraft:bucket":89,"minecraft:ice":75,"minecraft:brush":19,"minecraft:sculk_catalyst":7},"minecraft:crafted":{"minecraft:furnace":1,"minecraft:iron_boots":1,"minecraft:stone_pickaxe":1,"minecraft:spruce_boat":1,"minecraft:cooked_cod":9,"minecraft:crafting_table":1,"minecraft:spruce_planks":28,"minecraft:wooden_pickaxe":1,"minecraft:iron_helmet":1,"minecraft:cooked_salmon":5,"minecraft:bucket":1,"minecraft:stone_axe":1,"minecraft:bread":1,"minecraft:air":0,"minecraft:iron_chestplate":1,"minecraft:shield":1,"minecraft:stick":8,"minecraft:iron_ingot":24,"minecraft:iron_pickaxe":1,"minecraft:iron_leggings":1},"minecraft:dropped":{"minecraft:water_bucket":2,"minecraft:wheat_seeds":1,"minecraft:diamond_leggings":1,"minecraft:netherite_axe":1,"minecraft:cobblestone":64,"minecraft:granite":1,"minecraft:tropical_fish":1,"minecraft:elytra":1,"minecraft:golden_apple":10,"minecraft:stick":1,"minecraft:pufferfish":3,"minecraft:end_rod":1,"minecraft:lava_bucket":1,"minecraft:golden_carrot":64,"minecraft:diamond_helmet":4,"minecraft:string":1,"minecraft:rotten_flesh":2,"minecraft:filled_map":1,"minecraft:diamond_sword":5,"minecraft:gunpowder":1,"minecraft:diamond_chestplate":1,"minecraft:powder_snow_bucket":2,"minecraft:diamond_boots":1,"minecraft:firework_rocket":32},"minecraft:broken":{"minecraft:diamond_chestplate":1,"minecraft:diamond_helmet":1,"minecraft:diamond_leggings":1,"minecraft:stone_pickaxe":1,"minecraft:diamond_boots":1},"minecraft:killed_by":{"minecraft:player":3,"minecraft:skeleton":1},"minecraft:killed":{"minecraft:spider":2,"minecraft:skeleton":10,"minecraft:turtle":1,"minecraft:warden":1,"minecraft:zombie_villager":1,"minecraft:creeper":3,"minecraft:zombie":15},"minecraft:custom":{"minecraft:mob_kills":34,"minecraft:interact_with_crafting_table":15,"minecraft:open_barrel":13,"minecraft:leave_game":5,"minecraft:time_since_death":56153,"minecraft:climb_one_cm":492,"minecraft:damage_resisted":163,"minecraft:sprint_one_cm":410729,"minecraft:walk_one_cm":252326,"minecraft:damage_blocked_by_shield":195,"minecraft:drop":36,"minecraft:damage_dealt_absorbed":242,"minecraft:play_time":161904,"minecraft:deaths":13,"minecraft:sneak_time":11937,"minecraft:walk_under_water_one_cm":17716,"minecraft:boat_one_cm":164009,"minecraft:jump":3266,"minecraft:walk_on_water_one_cm":30430,"minecraft:total_world_time":161904,"minecraft:interact_with_furnace":19,"minecraft:play_record":1,"minecraft:time_since_rest":56181,"minecraft:damage_taken":44081,"minecraft:damage_absorbed":397,"minecraft:damage_dealt":26782,"minecraft:player_kills":5,"minecraft:fly_one_cm":1521112,"minecraft:swim_one_cm":48470,"minecraft:open_chest":5,"minecraft:crouch_one_cm":30219,"minecraft:aviate_one_cm":466693,"minecraft:fish_caught":20,"minecraft:fall_one_cm":185019},"minecraft:picked_up":{"minecraft:music_disc_strad":1,"minecraft:crafting_table":5,"minecraft:brown_mushroom":1,"minecraft:diamond_sword":6,"minecraft:potion":1,"minecraft:string":2,"minecraft:elytra":3,"minecraft:pufferfish":3,"minecraft:enchanted_golden_apple":1,"minecraft:sugar_cane":4,"minecraft:furnace":2,"minecraft:stick":9,"minecraft:raw_iron":94,"minecraft:music_disc_pigstep":1,"minecraft:diorite":22,"minecraft:redstone":63,"minecraft:arrow":12,"minecraft:rotten_flesh":15,"minecraft:tropical_fish":1,"minecraft:peony":1,"minecraft:end_rod":1,"minecraft:glow_berries":1,"minecraft:cod":11,"minecraft:cobblestone":228,"minecraft:golden_carrot":49,"minecraft:salmon":5,"minecraft:water_bucket":3,"minecraft:andesite":10,"minecraft:powder_snow_bucket":4,"minecraft:gunpowder":3,"minecraft:lapis_lazuli":28,"minecraft:dirt":20,"minecraft:leather_boots":1,"minecraft:bone":9,"minecraft:kelp":2,"minecraft:wheat_seeds":3,"minecraft:netherite_axe":2,"minecraft:diamond_helmet":2,"minecraft:pitcher_pod":270,"minecraft:sculk_catalyst":31,"minecraft:sweet_berries":5,"minecraft:lava_bucket":2,"minecraft:gravel":1,"minecraft:spruce_sapling":1,"minecraft:spruce_log":7,"minecraft:spider_eye":1,"minecraft:firework_rocket":75,"minecraft:diamond":2,"minecraft:spruce_boat":3,"minecraft:granite":1,"minecraft:golden_apple":14,"minecraft:coal":22}},"DataVersion":3578}