{"stats":{"minecraft:mined":{"minecraft:deepslate_diamond_ore":2,"minecraft:granite":1,"minecraft:grass_block":6,"minecraft:furnace":2,"minecraft:iron_ore":81,"minecraft:andesite":10,"minecraft:peony":1,"minecraft:gold_block":3,"minecraft:cave_vines":1,"minecraft:deepslate_iron_ore":13,"minecraft:stone":87,"minecraft:podzol":1,"minecraft:crafting_table":5,"minecraft:tall_grass":2,"minecraft:cobblestone":9,"minecraft:lapis_ore":4,"minecraft:sugar_cane":2,"minecraft:diorite":22,"minecraft:seagrass":1,"minecraft:ice":2,"minecraft:spruce_log":7,"minecraft:grass":5,"minecraft:coal_ore":21,"minecraft:gravel":3,"minecraft:dirt":21,"minecraft:deepslate":5,"minecraft:fern":2},"minecraft:used":{"minecraft:peony":1,"minecraft:netherite_sword":5,"minecraft:redstone":4,"minecraft:elytra":4,"minecraft:shield":7,"minecraft:stone":1,"minecraft:iron_sword":89,"minecraft:cooked_salmon":9,"minecraft:dirt":12,"minecraft:axolotl_bucket":3,"minecraft:big_dripleaf":1,"minecraft:warden_spawn_egg":1,"minecraft:spruce_boat":6,"minecraft:bamboo_raft":1,"minecraft:lava_bucket":5,"minecraft:music_disc_pigstep":1,"minecraft:grass_block":1,"minecraft:spawner":2,"minecraft:iron_helmet":1,"minecraft:golden_carrot":27,"minecraft:sweet_berries":6,"minecraft:furnace":2,"minecraft:cooked_cod":9,"minecraft:powder_snow_bucket":67,"minecraft:enchanted_golden_apple":1,"minecraft:oak_chest_boat":1,"minecraft:iron_leggings":1,"minecraft:pointed_dripstone":8,"minecraft:turtle_spawn_egg":1,"minecraft:water_bucket":22,"minecraft:stone_pickaxe":132,"minecraft:wooden_pickaxe":15,"minecraft:birch_boat":1,"minecraft:leather_boots":1,"minecraft:calibrated_sculk_sensor":1,"minecraft:golden_apple":7,"minecraft:glow_berries":1,"minecraft:mossy_cobblestone":2,"minecraft:comparator":1,"minecraft:crafting_table":5,"minecraft:cod":1,"minecraft:redstone_torch":1,"minecraft:sticky_piston":2,"minecraft:firework_rocket":80,"minecraft:bread":1,"minecraft:iron_pickaxe":114,"minecraft:netherite_axe":2,"minecraft:gravel":1,"minecraft:stone_axe":15,"minecraft:diamond_sword":222,"minecraft:fishing_rod":31,"minecraft:cobblestone":82,"minecraft:bucket":94,"minecraft:ice":75,"minecraft:brush":19,"minecraft:sculk_catalyst":7},"minecraft:crafted":{"minecraft:furnace":1,"minecraft:iron_boots":1,"minecraft:stone_pickaxe":1,"minecraft:spruce_boat":1,"minecraft:cooked_cod":9,"minecraft:crafting_table":1,"minecraft:spruce_planks":28,"minecraft:wooden_pickaxe":1,"minecraft:iron_helmet":1,"minecraft:cooked_salmon":5,"minecraft:bucket":1,"minecraft:stone_axe":1,"minecraft:bread":1,"minecraft:air":0,"minecraft:iron_chestplate":1,"minecraft:shield":1,"minecraft:stick":8,"minecraft:iron_ingot":24,"minecraft:iron_pickaxe":1,"minecraft:iron_leggings":1},"minecraft:dropped":{"minecraft:water_bucket":2,"minecraft:wheat_seeds":1,"minecraft:diamond_leggings":1,"minecraft:netherite_axe":1,"minecraft:cobblestone":64,"minecraft:granite":1,"minecraft:tropical_fish":1,"minecraft:elytra":1,"minecraft:golden_apple":10,"minecraft:pufferfish":3,"minecraft:stick":1,"minecraft:end_rod":1,"minecraft:lava_bucket":1,"minecraft:dirt":17,"minecraft:diorite":22,"minecraft:golden_carrot":64,"minecraft:coast_armor_trim_smithing_template":2,"minecraft:cooked_salmon":2,"minecraft:diamond_helmet":4,"minecraft:potion":1,"minecraft:string":1,"minecraft:rotten_flesh":2,"minecraft:filled_map":1,"minecraft:diamond_sword":5,"minecraft:gunpowder":3,"minecraft:powder_snow_bucket":2,"minecraft:diamond_chestplate":1,"minecraft:andesite":10,"minecraft:diamond_boots":1,"minecraft:wooden_pickaxe":1,"minecraft:firework_rocket":32},"minecraft:broken":{"minecraft:diamond_chestplate":1,"minecraft:diamond_helmet":1,"minecraft:diamond_leggings":1,"minecraft:stone_pickaxe":1,"minecraft:diamond_boots":1},"minecraft:killed_by":{"minecraft:player":3,"minecraft:skeleton":1},"minecraft:killed":{"minecraft:spider":2,"minecraft:skeleton":10,"minecraft:warden":1,"minecraft:turtle":1,"minecraft:pig":3,"minecraft:zombie_villager":1,"minecraft:creeper":3,"minecraft:zombie":16},"minecraft:custom":{"minecraft:mob_kills":38,"minecraft:interact_with_crafting_table":15,"minecraft:open_barrel":13,"minecraft:leave_game":6,"minecraft:time_since_death":79981,"minecraft:climb_one_cm":492,"minecraft:damage_resisted":163,"minecraft:sprint_one_cm":457746,"minecraft:walk_one_cm":270947,"minecraft:damage_blocked_by_shield":195,"minecraft:drop":46,"minecraft:damage_dealt_absorbed":242,"minecraft:play_time":185732,"minecraft:deaths":13,"minecraft:sneak_time":14336,"minecraft:walk_under_water_one_cm":24558,"minecraft:boat_one_cm":436546,"minecraft:jump":3701,"minecraft:walk_on_water_one_cm":39241,"minecraft:total_world_time":185732,"minecraft:interact_with_furnace":19,"minecraft:play_record":1,"minecraft:time_since_rest":80009,"minecraft:damage_taken":44267,"minecraft:damage_absorbed":397,"minecraft:damage_dealt":27242,"minecraft:fly_one_cm":1634740,"minecraft:swim_one_cm":90632,"minecraft:player_kills":5,"minecraft:open_chest":12,"minecraft:crouch_one_cm":33487,"minecraft:aviate_one_cm":466693,"minecraft:fish_caught":24,"minecraft:fall_one_cm":193559},"minecraft:picked_up":{"minecraft:crafting_table":5,"minecraft:music_disc_strad":1,"minecraft:brown_mushroom":1,"minecraft:diamond_sword":6,"minecraft:gold_block":3,"minecraft:potion":1,"minecraft:string":2,"minecraft:elytra":3,"minecraft:pufferfish":3,"minecraft:enchanted_golden_apple":1,"minecraft:sugar_cane":7,"minecraft:furnace":2,"minecraft:stick":9,"minecraft:raw_iron":94,"minecraft:porkchop":8,"minecraft:diorite":22,"minecraft:music_disc_pigstep":1,"minecraft:redstone":63,"minecraft:arrow":12,"minecraft:rotten_flesh":15,"minecraft:tropical_fish":1,"minecraft:peony":1,"minecraft:end_rod":1,"minecraft:glow_berries":1,"minecraft:cod":14,"minecraft:cobblestone":228,"minecraft:golden_carrot":49,"minecraft:andesite":10,"minecraft:water_bucket":3,"minecraft:salmon":5,"minecraft:powder_snow_bucket":4,"minecraft:gunpowder":3,"minecraft:lapis_lazuli":28,"minecraft:dirt":33,"minecraft:leather_boots":1,"minecraft:bone":9,"minecraft:kelp":2,"minecraft:wheat_seeds":3,"minecraft:netherite_axe":2,"minecraft:diamond_helmet":2,"minecraft:pitcher_pod":270,"minecraft:sculk_catalyst":31,"minecraft:sweet_berries":21,"minecraft:lava_bucket":2,"minecraft:gravel":1,"minecraft:spruce_sapling":1,"minecraft:spruce_log":7,"minecraft:spider_eye":1,"minecraft:firework_rocket":75,"minecraft:diamond":2,"minecraft:spruce_boat":5,"minecraft:granite":1,"minecraft:golden_apple":14,"minecraft:coal":22}},"DataVersion":3578}