{"stats":{"minecraft:picked_up":{"minecraft:end_rod":1,"minecraft:redstone":63},"minecraft:killed":{"minecraft:warden":1},"minecraft:custom":{"minecraft:time_since_rest":17986,"minecraft:crouch_one_cm":2015,"minecraft:play_time":17986,"minecraft:sprint_one_cm":10381,"minecraft:damage_taken":20,"minecraft:walk_one_cm":13195,"minecraft:sneak_time":1268,"minecraft:walk_under_water_one_cm":3195,"minecraft:mob_kills":1,"minecraft:boat_one_cm":59582,"minecraft:drop":5,"minecraft:jump":111,"minecraft:damage_dealt":4990,"minecraft:time_since_death":17986,"minecraft:walk_on_water_one_cm":744,"minecraft:total_world_time":17986,"minecraft:swim_one_cm":5086,"minecraft:fall_one_cm":476,"minecraft:fly_one_cm":428890,"minecraft:player_kills":1},"minecraft:used":{"minecraft:big_dripleaf":1,"minecraft:redstone_torch":1,"minecraft:sticky_piston":2,"minecraft:mossy_cobblestone":2,"minecraft:comparator":1,"minecraft:grass_block":1,"minecraft:redstone":4,"minecraft:ice":3,"minecraft:birch_boat":1,"minecraft:oak_chest_boat":1,"minecraft:calibrated_sculk_sensor":1},"minecraft:dropped":{"minecraft:diamond_boots":1,"minecraft:diamond_chestplate":1,"minecraft:diamond_leggings":1,"minecraft:diamond_helmet":1,"minecraft:end_rod":1}},"DataVersion":3578}