{"stats":{"minecraft:picked_up":{"minecraft:diamond_sword":3,"minecraft:gunpowder":1,"minecraft:redstone":63,"minecraft:rotten_flesh":2,"minecraft:wheat_seeds":1,"minecraft:end_rod":1,"minecraft:diamond_helmet":2,"minecraft:cobblestone":4},"minecraft:mined":{"minecraft:ice":2,"minecraft:grass":2},"minecraft:killed":{"minecraft:skeleton":1,"minecraft:zombie":1,"minecraft:warden":1,"minecraft:creeper":1},"minecraft:custom":{"minecraft:time_since_rest":41986,"minecraft:damage_absorbed":117,"minecraft:sprint_one_cm":75715,"minecraft:damage_taken":1399,"minecraft:walk_one_cm":55010,"minecraft:mob_kills":4,"minecraft:drop":21,"minecraft:damage_dealt":7479,"minecraft:damage_dealt_absorbed":242,"minecraft:swim_one_cm":6622,"minecraft:player_kills":4,"minecraft:fly_one_cm":578596,"minecraft:crouch_one_cm":2910,"minecraft:play_time":41986,"minecraft:sneak_time":2083,"minecraft:walk_under_water_one_cm":3589,"minecraft:boat_one_cm":59582,"minecraft:jump":882,"minecraft:walk_on_water_one_cm":4465,"minecraft:time_since_death":41986,"minecraft:total_world_time":41986,"minecraft:fall_one_cm":14126},"minecraft:used":{"minecraft:big_dripleaf":1,"minecraft:redstone_torch":1,"minecraft:sticky_piston":2,"minecraft:water_bucket":2,"minecraft:lava_bucket":2,"minecraft:grass_block":1,"minecraft:redstone":4,"minecraft:netherite_axe":2,"minecraft:birch_boat":1,"minecraft:calibrated_sculk_sensor":1,"minecraft:golden_apple":3,"minecraft:mossy_cobblestone":2,"minecraft:diamond_sword":192,"minecraft:cobblestone":4,"minecraft:golden_carrot":12,"minecraft:comparator":1,"minecraft:bucket":4,"minecraft:ice":7,"minecraft:oak_chest_boat":1},"minecraft:dropped":{"minecraft:water_bucket":1,"minecraft:diamond_sword":3,"minecraft:wheat_seeds":1,"minecraft:gunpowder":1,"minecraft:golden_carrot":64,"minecraft:diamond_chestplate":1,"minecraft:diamond_leggings":1,"minecraft:netherite_axe":1,"minecraft:diamond_helmet":4,"minecraft:cobblestone":64,"minecraft:rotten_flesh":2,"minecraft:diamond_boots":1,"minecraft:golden_apple":10,"minecraft:end_rod":1,"minecraft:lava_bucket":1}},"DataVersion":3578}