{"stats":{"minecraft:mined":{"minecraft:crafting_table":2,"minecraft:grass_block":2,"minecraft:tall_grass":2,"minecraft:ice":2,"minecraft:spruce_log":7,"minecraft:peony":1,"minecraft:grass":3,"minecraft:dirt":9,"minecraft:stone":25,"minecraft:fern":2},"minecraft:used":{"minecraft:turtle_spawn_egg":1,"minecraft:peony":1,"minecraft:water_bucket":7,"minecraft:netherite_sword":5,"minecraft:stone_pickaxe":10,"minecraft:redstone":4,"minecraft:elytra":4,"minecraft:wooden_pickaxe":15,"minecraft:birch_boat":1,"minecraft:stone":1,"minecraft:leather_boots":1,"minecraft:calibrated_sculk_sensor":1,"minecraft:golden_apple":7,"minecraft:mossy_cobblestone":2,"minecraft:dirt":12,"minecraft:comparator":1,"minecraft:crafting_table":2,"minecraft:spruce_boat":1,"minecraft:warden_spawn_egg":1,"minecraft:redstone_torch":1,"minecraft:big_dripleaf":1,"minecraft:sticky_piston":2,"minecraft:bamboo_raft":1,"minecraft:lava_bucket":5,"minecraft:firework_rocket":80,"minecraft:music_disc_pigstep":1,"minecraft:grass_block":1,"minecraft:netherite_axe":2,"minecraft:spawner":2,"minecraft:stone_axe":2,"minecraft:diamond_sword":222,"minecraft:golden_carrot":27,"minecraft:cobblestone":8,"minecraft:sweet_berries":2,"minecraft:bucket":75,"minecraft:ice":75,"minecraft:brush":19,"minecraft:enchanted_golden_apple":1,"minecraft:powder_snow_bucket":67,"minecraft:sculk_catalyst":7,"minecraft:oak_chest_boat":1,"minecraft:pointed_dripstone":8},"minecraft:crafted":{"minecraft:crafting_table":1,"minecraft:spruce_planks":28,"minecraft:wooden_pickaxe":1,"minecraft:furnace":1,"minecraft:stone_axe":1,"minecraft:stick":8,"minecraft:stone_pickaxe":1,"minecraft:spruce_boat":1},"minecraft:dropped":{"minecraft:water_bucket":2,"minecraft:wheat_seeds":1,"minecraft:diamond_leggings":1,"minecraft:netherite_axe":1,"minecraft:cobblestone":64,"minecraft:rotten_flesh":2,"minecraft:elytra":1,"minecraft:golden_apple":10,"minecraft:end_rod":1,"minecraft:lava_bucket":1,"minecraft:diamond_sword":5,"minecraft:gunpowder":1,"minecraft:powder_snow_bucket":2,"minecraft:golden_carrot":64,"minecraft:diamond_chestplate":1,"minecraft:diamond_helmet":4,"minecraft:diamond_boots":1,"minecraft:firework_rocket":32},"minecraft:broken":{"minecraft:diamond_boots":1,"minecraft:diamond_chestplate":1,"minecraft:diamond_helmet":1,"minecraft:diamond_leggings":1},"minecraft:killed_by":{"minecraft:player":3,"minecraft:skeleton":1},"minecraft:killed":{"minecraft:zombie_villager":1,"minecraft:creeper":1,"minecraft:skeleton":2,"minecraft:zombie":2,"minecraft:warden":1,"minecraft:turtle":1},"minecraft:custom":{"minecraft:mob_kills":8,"minecraft:play_record":1,"minecraft:interact_with_crafting_table":7,"minecraft:open_barrel":13,"minecraft:leave_game":5,"minecraft:time_since_death":8153,"minecraft:damage_resisted":163,"minecraft:time_since_rest":8181,"minecraft:damage_absorbed":397,"minecraft:sprint_one_cm":300805,"minecraft:damage_taken":43589,"minecraft:walk_one_cm":194854,"minecraft:drop":28,"minecraft:damage_dealt":21594,"minecraft:damage_dealt_absorbed":242,"minecraft:swim_one_cm":32008,"minecraft:fly_one_cm":1352765,"minecraft:player_kills":5,"minecraft:open_chest":4,"minecraft:crouch_one_cm":14533,"minecraft:play_time":113904,"minecraft:deaths":13,"minecraft:sneak_time":5306,"minecraft:walk_under_water_one_cm":6836,"minecraft:boat_one_cm":96072,"minecraft:aviate_one_cm":466693,"minecraft:jump":2259,"minecraft:walk_on_water_one_cm":10107,"minecraft:total_world_time":113904,"minecraft:fall_one_cm":158154},"minecraft:picked_up":{"minecraft:crafting_table":2,"minecraft:music_disc_strad":1,"minecraft:golden_carrot":49,"minecraft:water_bucket":3,"minecraft:brown_mushroom":1,"minecraft:diamond_sword":6,"minecraft:powder_snow_bucket":4,"minecraft:gunpowder":1,"minecraft:elytra":3,"minecraft:string":1,"minecraft:dirt":16,"minecraft:leather_boots":1,"minecraft:bone":1,"minecraft:kelp":2,"minecraft:wheat_seeds":3,"minecraft:netherite_axe":2,"minecraft:diamond_helmet":2,"minecraft:enchanted_golden_apple":1,"minecraft:pitcher_pod":270,"minecraft:sculk_catalyst":31,"minecraft:stick":8,"minecraft:sweet_berries":5,"minecraft:lava_bucket":2,"minecraft:spruce_sapling":1,"minecraft:music_disc_pigstep":1,"minecraft:spruce_log":7,"minecraft:redstone":63,"minecraft:spider_eye":1,"minecraft:firework_rocket":75,"minecraft:rotten_flesh":4,"minecraft:peony":1,"minecraft:golden_apple":14,"minecraft:end_rod":1,"minecraft:cobblestone":157}},"DataVersion":3578}