{"stats":{"minecraft:mined":{"minecraft:white_bed":1,"minecraft:crafting_table":8,"minecraft:grass_block":6,"minecraft:spruce_leaves":4,"minecraft:furnace":2,"minecraft:iron_ore":6,"minecraft:sweet_berry_bush":38,"minecraft:spruce_log":22,"minecraft:gold_block":1,"minecraft:grass":2,"minecraft:coal_ore":17,"minecraft:oak_log":4,"minecraft:dirt":4,"minecraft:stone":28,"minecraft:oak_leaves":5,"minecraft:fern":2},"minecraft:used":{"minecraft:cooked_mutton":2,"minecraft:stone_sword":6,"minecraft:stone_pickaxe":97,"minecraft:wooden_pickaxe":19,"minecraft:crafting_table":9,"minecraft:white_bed":1,"minecraft:spruce_log":3,"minecraft:wooden_axe":5,"minecraft:iron_pickaxe":4,"minecraft:stone_axe":42,"minecraft:sweet_berries":35,"minecraft:furnace":2},"minecraft:crafted":{"minecraft:wooden_sword":1,"minecraft:golden_chestplate":1,"minecraft:crafting_table":2,"minecraft:spruce_planks":36,"minecraft:wooden_pickaxe":2,"minecraft:furnace":1,"minecraft:stone_axe":2,"minecraft:cooked_mutton":3,"minecraft:spruce_wood":3,"minecraft:stick":20,"minecraft:iron_ingot":6,"minecraft:iron_pickaxe":1,"minecraft:stone_pickaxe":2,"minecraft:wooden_axe":1,"minecraft:stone_sword":1,"minecraft:gold_ingot":9,"minecraft:white_bed":1},"minecraft:dropped":{"minecraft:sweet_berries":52,"minecraft:coal":4,"minecraft:wooden_axe":1,"minecraft:wooden_sword":1,"minecraft:wooden_pickaxe":1,"minecraft:stone_pickaxe":1},"minecraft:killed_by":{"minecraft:player":5},"minecraft:killed":{"minecraft:sheep":6,"minecraft:cow":2},"minecraft:custom":{"minecraft:interact_with_furnace":10,"minecraft:mob_kills":8,"minecraft:interact_with_crafting_table":14,"minecraft:leave_game":1,"minecraft:time_since_death":46306,"minecraft:sleep_in_bed":1,"minecraft:time_since_rest":22055,"minecraft:sprint_one_cm":326681,"minecraft:damage_taken":2098,"minecraft:walk_one_cm":132864,"minecraft:drop":7,"minecraft:damage_dealt":965,"minecraft:swim_one_cm":12377,"minecraft:fly_one_cm":72256,"minecraft:open_chest":3,"minecraft:crouch_one_cm":9,"minecraft:play_time":72560,"minecraft:deaths":6,"minecraft:sneak_time":17,"minecraft:walk_under_water_one_cm":4700,"minecraft:boat_one_cm":406628,"minecraft:jump":897,"minecraft:walk_on_water_one_cm":10875,"minecraft:total_world_time":72560,"minecraft:fall_one_cm":18392},"minecraft:picked_up":{"minecraft:crafting_table":9,"minecraft:gold_block":1,"minecraft:oak_log":1,"minecraft:lapis_lazuli":1,"minecraft:dirt":10,"minecraft:leather_boots":1,"minecraft:wheat_seeds":1,"minecraft:cobbled_deepslate":1,"minecraft:beef":4,"minecraft:stone_pickaxe":1,"minecraft:light_gray_wool":1,"minecraft:furnace":2,"minecraft:raw_iron":6,"minecraft:sweet_berries":145,"minecraft:white_bed":1,"minecraft:spruce_log":22,"minecraft:diamond":1,"minecraft:netherrack":1,"minecraft:mutton":8,"minecraft:coal":21,"minecraft:white_wool":5,"minecraft:cobblestone":28}},"DataVersion":3578}