{"stats":{"minecraft:mined":{"minecraft:white_bed":3,"minecraft:mangrove_roots":1,"minecraft:crafting_table":10,"minecraft:grass_block":7,"minecraft:tall_grass":2,"minecraft:spruce_leaves":4,"minecraft:mangrove_propagule":1,"minecraft:hay_block":19,"minecraft:furnace":2,"minecraft:mud":1,"minecraft:iron_ore":6,"minecraft:sweet_berry_bush":42,"minecraft:spruce_log":22,"minecraft:pumpkin":8,"minecraft:gold_block":1,"minecraft:grass":7,"minecraft:coal_ore":24,"minecraft:oak_log":4,"minecraft:beetroots":1,"minecraft:sand":19,"minecraft:dirt":4,"minecraft:stone":28,"minecraft:oak_leaves":5,"minecraft:fern":2},"minecraft:used":{"minecraft:cooked_mutton":2,"minecraft:stone_sword":6,"minecraft:stone_pickaxe":104,"minecraft:wooden_pickaxe":20,"minecraft:crafting_table":12,"minecraft:white_bed":3,"minecraft:spruce_log":3,"minecraft:wooden_axe":5,"minecraft:bread":5,"minecraft:iron_pickaxe":4,"minecraft:stone_axe":70,"minecraft:sweet_berries":68,"minecraft:furnace":2},"minecraft:crafted":{"minecraft:wooden_sword":1,"minecraft:golden_chestplate":1,"minecraft:crafting_table":3,"minecraft:spruce_planks":48,"minecraft:wooden_pickaxe":2,"minecraft:iron_helmet":1,"minecraft:furnace":1,"minecraft:stone_axe":2,"minecraft:bread":21,"minecraft:cooked_mutton":3,"minecraft:spruce_wood":6,"minecraft:stick":24,"minecraft:iron_ingot":6,"minecraft:iron_pickaxe":1,"minecraft:stone_pickaxe":2,"minecraft:wooden_axe":1,"minecraft:stone_sword":2,"minecraft:iron_leggings":1,"minecraft:gold_ingot":9,"minecraft:white_bed":1,"minecraft:wheat":171},"minecraft:dropped":{"minecraft:moss_carpet":2,"minecraft:sweet_berries":52,"minecraft:wheat_seeds":2,"minecraft:mangrove_roots":2,"minecraft:mangrove_propagule":1,"minecraft:light_gray_wool":1,"minecraft:coal":4,"minecraft:filled_map":4,"minecraft:dirt":1,"minecraft:wooden_axe":1,"minecraft:wooden_sword":1,"minecraft:pumpkin":8,"minecraft:wooden_pickaxe":2,"minecraft:stone_pickaxe":1,"minecraft:netherrack":1},"minecraft:killed_by":{"minecraft:player":5},"minecraft:killed":{"minecraft:sheep":6,"minecraft:cow":2},"minecraft:custom":{"minecraft:interact_with_furnace":10,"minecraft:mob_kills":8,"minecraft:interact_with_crafting_table":20,"minecraft:leave_game":1,"minecraft:time_since_death":82306,"minecraft:sleep_in_bed":3,"minecraft:climb_one_cm":379,"minecraft:time_since_rest":14682,"minecraft:sprint_one_cm":478263,"minecraft:damage_taken":2463,"minecraft:walk_one_cm":177134,"minecraft:drop":21,"minecraft:damage_dealt":1002,"minecraft:swim_one_cm":26380,"minecraft:fly_one_cm":109566,"minecraft:open_chest":6,"minecraft:crouch_one_cm":9,"minecraft:play_time":108560,"minecraft:deaths":6,"minecraft:sneak_time":17,"minecraft:walk_under_water_one_cm":24863,"minecraft:boat_one_cm":577369,"minecraft:jump":1280,"minecraft:walk_on_water_one_cm":21197,"minecraft:total_world_time":108560,"minecraft:fall_one_cm":22436},"minecraft:picked_up":{"minecraft:mud":1,"minecraft:crafting_table":10,"minecraft:wooden_pickaxe":1,"minecraft:filled_map":4,"minecraft:gold_block":1,"minecraft:oak_log":1,"minecraft:lapis_lazuli":1,"minecraft:dirt":11,"minecraft:moss_carpet":2,"minecraft:leather_boots":1,"minecraft:wheat_seeds":3,"minecraft:cobbled_deepslate":4,"minecraft:beef":4,"minecraft:stone_pickaxe":1,"minecraft:oak_boat":1,"minecraft:light_gray_wool":1,"minecraft:furnace":2,"minecraft:stick":1,"minecraft:raw_iron":6,"minecraft:pumpkin":8,"minecraft:sweet_berries":145,"minecraft:sand":17,"minecraft:white_bed":3,"minecraft:spruce_log":22,"minecraft:diamond":1,"minecraft:hay_block":19,"minecraft:mangrove_roots":2,"minecraft:mangrove_propagule":1,"minecraft:netherrack":1,"minecraft:mutton":8,"minecraft:coal":28,"minecraft:white_wool":5,"minecraft:cobblestone":28}},"DataVersion":3578}