{"stats":{"minecraft:killed_by":{"minecraft:player":1},"minecraft:custom":{"minecraft:jump":81,"minecraft:time_since_rest":2422,"minecraft:deaths":1,"minecraft:damage_dealt":146,"minecraft:sprint_one_cm":31194,"minecraft:walk_on_water_one_cm":113,"minecraft:leave_game":1,"minecraft:play_time":6560,"minecraft:damage_taken":252,"minecraft:time_since_death":2372,"minecraft:walk_one_cm":27630,"minecraft:sneak_time":3,"minecraft:total_world_time":6560,"minecraft:fall_one_cm":631,"minecraft:fly_one_cm":4056}},"DataVersion":3578}