{"stats":{"minecraft:mined":{"minecraft:iron_ore":1,"minecraft:sweet_berry_bush":15,"minecraft:spruce_log":14,"minecraft:crafting_table":2,"minecraft:grass_block":5,"minecraft:coal_ore":7,"minecraft:dirt":4,"minecraft:spruce_leaves":1,"minecraft:stone":23,"minecraft:fern":1},"minecraft:used":{"minecraft:wooden_axe":5,"minecraft:stone_sword":6,"minecraft:stone_pickaxe":28,"minecraft:wooden_pickaxe":17,"minecraft:stone_axe":18,"minecraft:sweet_berries":11,"minecraft:crafting_table":3,"minecraft:spruce_log":1},"minecraft:crafted":{"minecraft:wooden_sword":1,"minecraft:spruce_wood":3,"minecraft:crafting_table":2,"minecraft:spruce_planks":32,"minecraft:stick":16,"minecraft:wooden_pickaxe":2,"minecraft:stone_pickaxe":2,"minecraft:wooden_axe":1,"minecraft:stone_sword":1,"minecraft:stone_axe":1},"minecraft:dropped":{"minecraft:wooden_axe":1,"minecraft:wooden_sword":1,"minecraft:wooden_pickaxe":1},"minecraft:killed_by":{"minecraft:player":5},"minecraft:killed":{"minecraft:sheep":1,"minecraft:cow":2},"minecraft:custom":{"minecraft:time_since_rest":4391,"minecraft:sprint_one_cm":173855,"minecraft:damage_taken":1918,"minecraft:walk_one_cm":73488,"minecraft:mob_kills":3,"minecraft:drop":3,"minecraft:damage_dealt":565,"minecraft:swim_one_cm":5519,"minecraft:interact_with_crafting_table":5,"minecraft:fly_one_cm":30702,"minecraft:crouch_one_cm":9,"minecraft:play_time":30560,"minecraft:deaths":6,"minecraft:sneak_time":13,"minecraft:walk_under_water_one_cm":3593,"minecraft:jump":391,"minecraft:walk_on_water_one_cm":8585,"minecraft:leave_game":1,"minecraft:time_since_death":4306,"minecraft:total_world_time":30560,"minecraft:fall_one_cm":9507},"minecraft:picked_up":{"minecraft:raw_iron":1,"minecraft:crafting_table":2,"minecraft:sweet_berries":36,"minecraft:spruce_log":14,"minecraft:dirt":9,"minecraft:beef":4,"minecraft:mutton":1,"minecraft:coal":7,"minecraft:white_wool":1,"minecraft:cobblestone":23}},"DataVersion":3578}