{"stats":{"minecraft:mined":{"minecraft:white_bed":1,"minecraft:furnace":2,"minecraft:iron_ore":6,"minecraft:sweet_berry_bush":38,"minecraft:spruce_log":22,"minecraft:gold_block":1,"minecraft:crafting_table":7,"minecraft:grass":2,"minecraft:oak_log":4,"minecraft:grass_block":6,"minecraft:coal_ore":17,"minecraft:dirt":4,"minecraft:spruce_leaves":4,"minecraft:stone":28,"minecraft:oak_leaves":5,"minecraft:fern":2},"minecraft:used":{"minecraft:cooked_mutton":2,"minecraft:wooden_axe":5,"minecraft:stone_sword":6,"minecraft:stone_pickaxe":97,"minecraft:iron_pickaxe":4,"minecraft:wooden_pickaxe":19,"minecraft:stone_axe":41,"minecraft:sweet_berries":33,"minecraft:crafting_table":8,"minecraft:furnace":2,"minecraft:white_bed":1,"minecraft:spruce_log":3},"minecraft:crafted":{"minecraft:wooden_sword":1,"minecraft:spruce_wood":3,"minecraft:crafting_table":2,"minecraft:spruce_planks":36,"minecraft:stick":20,"minecraft:iron_pickaxe":1,"minecraft:iron_ingot":6,"minecraft:wooden_pickaxe":2,"minecraft:stone_pickaxe":2,"minecraft:wooden_axe":1,"minecraft:stone_sword":1,"minecraft:gold_ingot":9,"minecraft:furnace":1,"minecraft:white_bed":1,"minecraft:stone_axe":2,"minecraft:cooked_mutton":3},"minecraft:dropped":{"minecraft:sweet_berries":51,"minecraft:wooden_axe":1,"minecraft:wooden_sword":1,"minecraft:stone_pickaxe":1,"minecraft:wooden_pickaxe":1,"minecraft:coal":4},"minecraft:killed_by":{"minecraft:player":5},"minecraft:killed":{"minecraft:sheep":6,"minecraft:cow":2},"minecraft:custom":{"minecraft:time_since_rest":10055,"minecraft:interact_with_furnace":10,"minecraft:sprint_one_cm":325908,"minecraft:damage_taken":2098,"minecraft:walk_one_cm":132193,"minecraft:mob_kills":8,"minecraft:drop":6,"minecraft:damage_dealt":965,"minecraft:swim_one_cm":12377,"minecraft:interact_with_crafting_table":13,"minecraft:fly_one_cm":72256,"minecraft:open_chest":3,"minecraft:crouch_one_cm":9,"minecraft:play_time":60560,"minecraft:deaths":6,"minecraft:sneak_time":17,"minecraft:walk_under_water_one_cm":4700,"minecraft:jump":897,"minecraft:walk_on_water_one_cm":10875,"minecraft:leave_game":1,"minecraft:time_since_death":34306,"minecraft:sleep_in_bed":1,"minecraft:total_world_time":60560,"minecraft:fall_one_cm":18392},"minecraft:picked_up":{"minecraft:raw_iron":6,"minecraft:crafting_table":8,"minecraft:sweet_berries":144,"minecraft:gold_block":1,"minecraft:oak_log":1,"minecraft:white_bed":1,"minecraft:spruce_log":22,"minecraft:dirt":10,"minecraft:diamond":1,"minecraft:wheat_seeds":1,"minecraft:beef":4,"minecraft:stone_pickaxe":1,"minecraft:light_gray_wool":1,"minecraft:netherrack":1,"minecraft:mutton":8,"minecraft:coal":21,"minecraft:white_wool":5,"minecraft:cobblestone":28,"minecraft:furnace":2}},"DataVersion":3578}