{"stats":{"minecraft:mined":{"minecraft:dirt":1,"minecraft:spruce_log":9,"minecraft:stone":8,"minecraft:crafting_table":2},"minecraft:used":{"minecraft:stone_axe":1,"minecraft:wooden_axe":5,"minecraft:crafting_table":2,"minecraft:wooden_pickaxe":9},"minecraft:crafted":{"minecraft:stone_sword":1,"minecraft:wooden_sword":1,"minecraft:stone_axe":1,"minecraft:crafting_table":1,"minecraft:spruce_planks":20,"minecraft:stick":12,"minecraft:stone_pickaxe":1,"minecraft:wooden_pickaxe":1,"minecraft:wooden_axe":1},"minecraft:dropped":{"minecraft:wooden_sword":1,"minecraft:wooden_pickaxe":1,"minecraft:wooden_axe":1},"minecraft:killed_by":{"minecraft:player":5},"minecraft:custom":{"minecraft:time_since_rest":6812,"minecraft:crouch_one_cm":9,"minecraft:play_time":18560,"minecraft:sprint_one_cm":92165,"minecraft:walk_one_cm":54835,"minecraft:damage_taken":1238,"minecraft:deaths":5,"minecraft:sneak_time":13,"minecraft:walk_under_water_one_cm":100,"minecraft:drop":3,"minecraft:jump":196,"minecraft:damage_dealt":254,"minecraft:leave_game":1,"minecraft:time_since_death":6780,"minecraft:walk_on_water_one_cm":710,"minecraft:total_world_time":18560,"minecraft:interact_with_crafting_table":2,"minecraft:fall_one_cm":966,"minecraft:fly_one_cm":13147},"minecraft:picked_up":{"minecraft:crafting_table":2,"minecraft:spruce_log":8,"minecraft:dirt":1,"minecraft:cobblestone":8}},"DataVersion":3578}