{"stats":{"minecraft:mined":{"minecraft:furnace":2,"minecraft:iron_ore":6,"minecraft:sweet_berry_bush":38,"minecraft:spruce_log":20,"minecraft:crafting_table":6,"minecraft:grass":2,"minecraft:oak_log":4,"minecraft:grass_block":6,"minecraft:coal_ore":17,"minecraft:dirt":4,"minecraft:spruce_leaves":4,"minecraft:stone":28,"minecraft:fern":2},"minecraft:used":{"minecraft:cooked_mutton":2,"minecraft:wooden_axe":5,"minecraft:stone_sword":6,"minecraft:stone_pickaxe":97,"minecraft:wooden_pickaxe":17,"minecraft:stone_axe":39,"minecraft:sweet_berries":17,"minecraft:crafting_table":6,"minecraft:furnace":2,"minecraft:spruce_log":1},"minecraft:crafted":{"minecraft:wooden_sword":1,"minecraft:spruce_wood":3,"minecraft:crafting_table":2,"minecraft:spruce_planks":36,"minecraft:stick":20,"minecraft:iron_pickaxe":1,"minecraft:iron_ingot":6,"minecraft:wooden_pickaxe":2,"minecraft:stone_pickaxe":2,"minecraft:wooden_axe":1,"minecraft:stone_sword":1,"minecraft:furnace":1,"minecraft:white_bed":1,"minecraft:stone_axe":2,"minecraft:cooked_mutton":3},"minecraft:dropped":{"minecraft:sweet_berries":51,"minecraft:wooden_axe":1,"minecraft:wooden_sword":1,"minecraft:stone_pickaxe":1,"minecraft:wooden_pickaxe":1},"minecraft:killed_by":{"minecraft:player":5},"minecraft:killed":{"minecraft:sheep":6,"minecraft:cow":2},"minecraft:custom":{"minecraft:time_since_rest":22391,"minecraft:interact_with_furnace":6,"minecraft:sprint_one_cm":256825,"minecraft:damage_taken":1958,"minecraft:walk_one_cm":116632,"minecraft:mob_kills":8,"minecraft:drop":5,"minecraft:damage_dealt":965,"minecraft:swim_one_cm":12377,"minecraft:interact_with_crafting_table":10,"minecraft:fly_one_cm":57783,"minecraft:crouch_one_cm":9,"minecraft:play_time":48560,"minecraft:deaths":6,"minecraft:sneak_time":13,"minecraft:walk_under_water_one_cm":4700,"minecraft:jump":752,"minecraft:walk_on_water_one_cm":10059,"minecraft:leave_game":1,"minecraft:time_since_death":22306,"minecraft:total_world_time":48560,"minecraft:fall_one_cm":17496},"minecraft:picked_up":{"minecraft:raw_iron":6,"minecraft:crafting_table":6,"minecraft:sweet_berries":144,"minecraft:oak_log":1,"minecraft:spruce_log":20,"minecraft:dirt":10,"minecraft:wheat_seeds":1,"minecraft:beef":4,"minecraft:stone_pickaxe":1,"minecraft:light_gray_wool":1,"minecraft:mutton":8,"minecraft:coal":17,"minecraft:white_wool":5,"minecraft:cobblestone":28,"minecraft:furnace":2}},"DataVersion":3578}