{"stats":{"minecraft:mined":{"minecraft:white_bed":2,"minecraft:mangrove_roots":1,"minecraft:crafting_table":9,"minecraft:grass_block":6,"minecraft:spruce_leaves":4,"minecraft:mangrove_propagule":1,"minecraft:furnace":2,"minecraft:mud":1,"minecraft:iron_ore":6,"minecraft:sweet_berry_bush":40,"minecraft:spruce_log":22,"minecraft:gold_block":1,"minecraft:grass":2,"minecraft:coal_ore":24,"minecraft:oak_log":4,"minecraft:sand":17,"minecraft:dirt":4,"minecraft:stone":28,"minecraft:oak_leaves":5,"minecraft:fern":2},"minecraft:used":{"minecraft:cooked_mutton":2,"minecraft:stone_sword":6,"minecraft:stone_pickaxe":104,"minecraft:wooden_pickaxe":19,"minecraft:crafting_table":10,"minecraft:white_bed":2,"minecraft:spruce_log":3,"minecraft:wooden_axe":5,"minecraft:iron_pickaxe":4,"minecraft:stone_axe":42,"minecraft:sweet_berries":45,"minecraft:furnace":2},"minecraft:crafted":{"minecraft:wooden_sword":1,"minecraft:golden_chestplate":1,"minecraft:crafting_table":2,"minecraft:spruce_planks":36,"minecraft:wooden_pickaxe":2,"minecraft:iron_helmet":1,"minecraft:furnace":1,"minecraft:stone_axe":2,"minecraft:cooked_mutton":3,"minecraft:spruce_wood":3,"minecraft:stick":20,"minecraft:iron_ingot":6,"minecraft:iron_pickaxe":1,"minecraft:stone_pickaxe":2,"minecraft:wooden_axe":1,"minecraft:stone_sword":1,"minecraft:iron_leggings":1,"minecraft:gold_ingot":9,"minecraft:white_bed":1},"minecraft:dropped":{"minecraft:moss_carpet":1,"minecraft:sweet_berries":52,"minecraft:mangrove_propagule":1,"minecraft:coal":4,"minecraft:filled_map":3,"minecraft:wooden_axe":1,"minecraft:wooden_sword":1,"minecraft:wooden_pickaxe":1,"minecraft:stone_pickaxe":1},"minecraft:killed_by":{"minecraft:player":5},"minecraft:killed":{"minecraft:sheep":6,"minecraft:cow":2},"minecraft:custom":{"minecraft:interact_with_furnace":10,"minecraft:mob_kills":8,"minecraft:interact_with_crafting_table":16,"minecraft:leave_game":1,"minecraft:time_since_death":58306,"minecraft:sleep_in_bed":2,"minecraft:climb_one_cm":379,"minecraft:time_since_rest":4166,"minecraft:sprint_one_cm":368790,"minecraft:damage_taken":2128,"minecraft:walk_one_cm":155317,"minecraft:drop":12,"minecraft:damage_dealt":975,"minecraft:swim_one_cm":12377,"minecraft:fly_one_cm":86503,"minecraft:open_chest":4,"minecraft:crouch_one_cm":9,"minecraft:play_time":84560,"minecraft:deaths":6,"minecraft:sneak_time":17,"minecraft:walk_under_water_one_cm":4797,"minecraft:boat_one_cm":423045,"minecraft:jump":1059,"minecraft:walk_on_water_one_cm":13611,"minecraft:total_world_time":84560,"minecraft:fall_one_cm":19816},"minecraft:picked_up":{"minecraft:mud":1,"minecraft:crafting_table":10,"minecraft:filled_map":4,"minecraft:gold_block":1,"minecraft:oak_log":1,"minecraft:lapis_lazuli":1,"minecraft:dirt":10,"minecraft:moss_carpet":2,"minecraft:leather_boots":1,"minecraft:wheat_seeds":1,"minecraft:cobbled_deepslate":1,"minecraft:beef":4,"minecraft:stone_pickaxe":1,"minecraft:oak_boat":1,"minecraft:light_gray_wool":1,"minecraft:furnace":2,"minecraft:raw_iron":6,"minecraft:sweet_berries":145,"minecraft:sand":15,"minecraft:white_bed":2,"minecraft:spruce_log":22,"minecraft:diamond":1,"minecraft:mangrove_roots":2,"minecraft:mangrove_propagule":1,"minecraft:netherrack":1,"minecraft:mutton":8,"minecraft:coal":28,"minecraft:white_wool":5,"minecraft:cobblestone":28}},"DataVersion":3578}