{"stats":{"minecraft:mined":{"minecraft:deepslate_redstone_ore":2,"minecraft:diamond_ore":2,"minecraft:tuff":3,"minecraft:white_bed":2,"minecraft:brown_mushroom":5,"minecraft:deepslate_diamond_ore":2,"minecraft:crafting_table":2,"minecraft:torch":2,"minecraft:spruce_leaves":10,"minecraft:deepslate_gold_ore":4,"minecraft:red_mushroom":5,"minecraft:diorite":10,"minecraft:wall_torch":4,"minecraft:furnace":2,"minecraft:iron_ore":33,"minecraft:cobbled_deepslate":2,"minecraft:spruce_log":5,"minecraft:coal_ore":41,"minecraft:oak_log":5,"minecraft:deepslate_iron_ore":54,"minecraft:gravel":8,"minecraft:stone":37,"minecraft:deepslate":24},"minecraft:used":{"minecraft:cooked_mutton":5,"minecraft:water_bucket":27,"minecraft:diorite":4,"minecraft:writable_book":1,"minecraft:stone_pickaxe":44,"minecraft:wooden_pickaxe":31,"minecraft:shield":35,"minecraft:iron_sword":51,"minecraft:rotten_flesh":5,"minecraft:iron_chestplate":2,"minecraft:torch":110,"minecraft:dirt":9,"minecraft:crafting_table":5,"minecraft:mushroom_stew":4,"minecraft:white_bed":3,"minecraft:spruce_boat":1,"minecraft:iron_pickaxe":149,"minecraft:iron_boots":1,"minecraft:wooden_sword":19,"minecraft:cobblestone":26,"minecraft:furnace":2,"minecraft:bucket":28,"minecraft:cooked_beef":2,"minecraft:cobbled_deepslate":32},"minecraft:crafted":{"minecraft:cooked_beef":2,"minecraft:wooden_sword":1,"minecraft:oak_planks":20,"minecraft:crafting_table":2,"minecraft:spruce_planks":32,"minecraft:wooden_pickaxe":1,"minecraft:iron_sword":1,"minecraft:bowl":4,"minecraft:furnace":1,"minecraft:mushroom_stew":4,"minecraft:bucket":1,"minecraft:cooked_mutton":2,"minecraft:air":0,"minecraft:iron_chestplate":1,"minecraft:iron_boots":1,"minecraft:shield":1,"minecraft:stick":36,"minecraft:iron_ingot":21,"minecraft:iron_pickaxe":1,"minecraft:stone_pickaxe":1,"minecraft:white_bed":1,"minecraft:spruce_boat":1,"minecraft:torch":120},"minecraft:dropped":{"minecraft:writable_book":2},"minecraft:killed_by":{"minecraft:zombie_villager":1,"minecraft:player":3,"minecraft:creeper":1,"minecraft:zombie":1},"minecraft:killed":{"minecraft:skeleton":11,"minecraft:sheep":3,"minecraft:zombie":5},"minecraft:custom":{"minecraft:interact_with_furnace":21,"minecraft:mob_kills":22,"minecraft:interact_with_crafting_table":21,"minecraft:leave_game":14,"minecraft:time_since_death":3654,"minecraft:sleep_in_bed":4,"minecraft:time_since_rest":3674,"minecraft:sprint_one_cm":103338,"minecraft:damage_taken":3075,"minecraft:walk_one_cm":162773,"minecraft:damage_blocked_by_shield":1030,"minecraft:drop":2,"minecraft:damage_dealt":5177,"minecraft:swim_one_cm":15184,"minecraft:fly_one_cm":185506,"minecraft:player_kills":8,"minecraft:crouch_one_cm":96,"minecraft:play_time":80687,"minecraft:sneak_time":47,"minecraft:deaths":8,"minecraft:walk_under_water_one_cm":32978,"minecraft:boat_one_cm":7093,"minecraft:jump":1592,"minecraft:walk_on_water_one_cm":26055,"minecraft:total_world_time":80687,"minecraft:fall_one_cm":40817},"minecraft:picked_up":{"minecraft:iron_chestplate":4,"minecraft:crafting_table":7,"minecraft:water_bucket":4,"minecraft:brown_mushroom":17,"minecraft:wooden_pickaxe":2,"minecraft:red_mushroom":17,"minecraft:flint":2,"minecraft:tuff":6,"minecraft:oak_log":5,"minecraft:shield":2,"minecraft:dirt":9,"minecraft:wooden_sword":3,"minecraft:cooked_mutton":3,"minecraft:bone":18,"minecraft:cobbled_deepslate":39,"minecraft:raw_gold":16,"minecraft:spruce_planks":4,"minecraft:beef":14,"minecraft:stone_pickaxe":4,"minecraft:iron_pickaxe":3,"minecraft:iron_sword":3,"minecraft:iron_boots":4,"minecraft:furnace":5,"minecraft:stick":8,"minecraft:raw_iron":175,"minecraft:torch":33,"minecraft:bowl":8,"minecraft:gravel":24,"minecraft:spruce_sapling":10,"minecraft:diorite":34,"minecraft:white_bed":2,"minecraft:spruce_log":20,"minecraft:redstone":40,"minecraft:arrow":28,"minecraft:rotten_flesh":15,"minecraft:diamond":12,"minecraft:spruce_boat":5,"minecraft:writable_book":2,"minecraft:mutton":5,"minecraft:coal":118,"minecraft:white_wool":3,"minecraft:cobblestone":81}},"DataVersion":3578}