{"stats":{"minecraft:used":{"minecraft:writable_book":1},"minecraft:dropped":{"minecraft:writable_book":1},"minecraft:killed_by":{"minecraft:player":2},"minecraft:custom":{"minecraft:jump":226,"minecraft:time_since_rest":2276,"minecraft:deaths":2,"minecraft:damage_dealt":748,"minecraft:walk_on_water_one_cm":555,"minecraft:sprint_one_cm":12290,"minecraft:play_time":5989,"minecraft:damage_taken":510,"minecraft:time_since_death":2246,"minecraft:walk_one_cm":22870,"minecraft:total_world_time":5989,"minecraft:walk_under_water_one_cm":114,"minecraft:drop":1,"minecraft:fall_one_cm":627,"minecraft:fly_one_cm":33697,"minecraft:player_kills":4},"minecraft:picked_up":{"minecraft:writable_book":1}},"DataVersion":3578}