{"stats":{"minecraft:mined":{"minecraft:deepslate_redstone_ore":2,"minecraft:diamond_ore":2,"minecraft:tuff":3,"minecraft:white_bed":2,"minecraft:brown_mushroom":5,"minecraft:deepslate_diamond_ore":2,"minecraft:crafting_table":2,"minecraft:torch":2,"minecraft:spruce_leaves":10,"minecraft:deepslate_gold_ore":4,"minecraft:red_mushroom":5,"minecraft:diorite":10,"minecraft:wall_torch":3,"minecraft:furnace":2,"minecraft:iron_ore":31,"minecraft:spruce_log":5,"minecraft:coal_ore":41,"minecraft:oak_log":5,"minecraft:deepslate_iron_ore":54,"minecraft:gravel":8,"minecraft:stone":37,"minecraft:deepslate":13},"minecraft:used":{"minecraft:cooked_mutton":5,"minecraft:water_bucket":26,"minecraft:diorite":4,"minecraft:writable_book":1,"minecraft:stone_pickaxe":44,"minecraft:wooden_pickaxe":31,"minecraft:shield":32,"minecraft:iron_sword":44,"minecraft:rotten_flesh":5,"minecraft:iron_chestplate":1,"minecraft:torch":100,"minecraft:dirt":9,"minecraft:crafting_table":5,"minecraft:mushroom_stew":4,"minecraft:white_bed":3,"minecraft:spruce_boat":1,"minecraft:iron_pickaxe":134,"minecraft:wooden_sword":19,"minecraft:cobblestone":15,"minecraft:furnace":2,"minecraft:bucket":27,"minecraft:cooked_beef":2,"minecraft:cobbled_deepslate":15},"minecraft:crafted":{"minecraft:cooked_beef":2,"minecraft:wooden_sword":1,"minecraft:oak_planks":20,"minecraft:crafting_table":2,"minecraft:spruce_planks":28,"minecraft:wooden_pickaxe":1,"minecraft:iron_sword":1,"minecraft:bowl":4,"minecraft:furnace":1,"minecraft:mushroom_stew":4,"minecraft:bucket":1,"minecraft:cooked_mutton":2,"minecraft:air":0,"minecraft:iron_chestplate":1,"minecraft:iron_boots":1,"minecraft:shield":1,"minecraft:stick":32,"minecraft:iron_ingot":21,"minecraft:iron_pickaxe":1,"minecraft:stone_pickaxe":1,"minecraft:white_bed":1,"minecraft:spruce_boat":1,"minecraft:torch":104},"minecraft:dropped":{"minecraft:writable_book":2},"minecraft:killed_by":{"minecraft:zombie_villager":1,"minecraft:player":3,"minecraft:creeper":1,"minecraft:zombie":1},"minecraft:killed":{"minecraft:skeleton":10,"minecraft:sheep":3,"minecraft:zombie":4},"minecraft:custom":{"minecraft:interact_with_furnace":21,"minecraft:mob_kills":20,"minecraft:interact_with_crafting_table":17,"minecraft:leave_game":4,"minecraft:time_since_death":11600,"minecraft:sleep_in_bed":4,"minecraft:time_since_rest":4112,"minecraft:sprint_one_cm":93712,"minecraft:damage_taken":2567,"minecraft:walk_one_cm":146541,"minecraft:damage_blocked_by_shield":945,"minecraft:drop":2,"minecraft:damage_dealt":4856,"minecraft:swim_one_cm":15184,"minecraft:fly_one_cm":167481,"minecraft:player_kills":8,"minecraft:crouch_one_cm":96,"minecraft:play_time":67170,"minecraft:sneak_time":46,"minecraft:deaths":6,"minecraft:walk_under_water_one_cm":32978,"minecraft:boat_one_cm":7093,"minecraft:jump":1347,"minecraft:walk_on_water_one_cm":26055,"minecraft:total_world_time":67170,"minecraft:fall_one_cm":30361},"minecraft:picked_up":{"minecraft:iron_chestplate":2,"minecraft:crafting_table":7,"minecraft:water_bucket":2,"minecraft:brown_mushroom":15,"minecraft:wooden_pickaxe":2,"minecraft:red_mushroom":15,"minecraft:flint":2,"minecraft:tuff":4,"minecraft:oak_log":5,"minecraft:shield":2,"minecraft:dirt":9,"minecraft:wooden_sword":2,"minecraft:cooked_mutton":3,"minecraft:bone":18,"minecraft:cobbled_deepslate":21,"minecraft:raw_gold":12,"minecraft:spruce_planks":2,"minecraft:beef":10,"minecraft:stone_pickaxe":2,"minecraft:iron_pickaxe":2,"minecraft:iron_sword":2,"minecraft:iron_boots":2,"minecraft:furnace":4,"minecraft:stick":8,"minecraft:raw_iron":171,"minecraft:torch":19,"minecraft:gravel":18,"minecraft:spruce_sapling":6,"minecraft:diorite":22,"minecraft:white_bed":2,"minecraft:spruce_log":17,"minecraft:redstone":24,"minecraft:arrow":19,"minecraft:rotten_flesh":11,"minecraft:diamond":8,"minecraft:spruce_boat":3,"minecraft:writable_book":2,"minecraft:mutton":5,"minecraft:coal":100,"minecraft:white_wool":3,"minecraft:cobblestone":68}},"DataVersion":3578}