{"stats":{"minecraft:mined":{"minecraft:deepslate_redstone_ore":2,"minecraft:diamond_ore":1,"minecraft:tuff":2,"minecraft:white_bed":2,"minecraft:brown_mushroom":5,"minecraft:deepslate_diamond_ore":1,"minecraft:crafting_table":2,"minecraft:torch":2,"minecraft:spruce_leaves":10,"minecraft:deepslate_gold_ore":4,"minecraft:red_mushroom":5,"minecraft:diorite":10,"minecraft:wall_torch":3,"minecraft:furnace":2,"minecraft:iron_ore":30,"minecraft:spruce_log":5,"minecraft:coal_ore":38,"minecraft:oak_log":5,"minecraft:deepslate_iron_ore":34,"minecraft:gravel":8,"minecraft:stone":37,"minecraft:deepslate":12},"minecraft:used":{"minecraft:cooked_mutton":5,"minecraft:water_bucket":26,"minecraft:diorite":4,"minecraft:writable_book":1,"minecraft:stone_pickaxe":44,"minecraft:wooden_pickaxe":31,"minecraft:shield":14,"minecraft:iron_sword":19,"minecraft:rotten_flesh":2,"minecraft:iron_chestplate":1,"minecraft:torch":62,"minecraft:dirt":9,"minecraft:crafting_table":3,"minecraft:white_bed":3,"minecraft:spruce_boat":1,"minecraft:iron_pickaxe":106,"minecraft:wooden_sword":19,"minecraft:cobblestone":15,"minecraft:furnace":2,"minecraft:bucket":27,"minecraft:cooked_beef":2,"minecraft:cobbled_deepslate":15},"minecraft:crafted":{"minecraft:cooked_beef":2,"minecraft:wooden_sword":1,"minecraft:oak_planks":20,"minecraft:crafting_table":2,"minecraft:spruce_planks":20,"minecraft:wooden_pickaxe":1,"minecraft:iron_sword":1,"minecraft:furnace":1,"minecraft:bucket":1,"minecraft:cooked_mutton":2,"minecraft:air":0,"minecraft:iron_boots":1,"minecraft:iron_chestplate":1,"minecraft:shield":1,"minecraft:stick":24,"minecraft:iron_ingot":21,"minecraft:iron_pickaxe":1,"minecraft:stone_pickaxe":1,"minecraft:white_bed":1,"minecraft:spruce_boat":1,"minecraft:torch":60},"minecraft:dropped":{"minecraft:writable_book":2},"minecraft:killed_by":{"minecraft:zombie_villager":1,"minecraft:player":3,"minecraft:creeper":1},"minecraft:killed":{"minecraft:skeleton":5,"minecraft:sheep":3,"minecraft:zombie":2},"minecraft:custom":{"minecraft:interact_with_furnace":21,"minecraft:mob_kills":12,"minecraft:interact_with_crafting_table":13,"minecraft:leave_game":4,"minecraft:time_since_death":246,"minecraft:sleep_in_bed":3,"minecraft:time_since_rest":266,"minecraft:sprint_one_cm":55811,"minecraft:damage_taken":1868,"minecraft:walk_one_cm":118525,"minecraft:damage_blocked_by_shield":420,"minecraft:drop":2,"minecraft:damage_dealt":3447,"minecraft:swim_one_cm":15184,"minecraft:fly_one_cm":120380,"minecraft:player_kills":8,"minecraft:crouch_one_cm":96,"minecraft:play_time":55205,"minecraft:sneak_time":45,"minecraft:deaths":5,"minecraft:walk_under_water_one_cm":32978,"minecraft:boat_one_cm":7093,"minecraft:jump":1059,"minecraft:walk_on_water_one_cm":25144,"minecraft:total_world_time":55205,"minecraft:fall_one_cm":21662},"minecraft:picked_up":{"minecraft:iron_chestplate":1,"minecraft:crafting_table":5,"minecraft:water_bucket":1,"minecraft:brown_mushroom":10,"minecraft:wooden_pickaxe":1,"minecraft:red_mushroom":10,"minecraft:flint":2,"minecraft:tuff":3,"minecraft:oak_log":5,"minecraft:shield":1,"minecraft:dirt":9,"minecraft:wooden_sword":1,"minecraft:cooked_mutton":3,"minecraft:bone":10,"minecraft:cobbled_deepslate":17,"minecraft:raw_gold":8,"minecraft:spruce_planks":2,"minecraft:beef":8,"minecraft:stone_pickaxe":1,"minecraft:iron_pickaxe":1,"minecraft:iron_sword":1,"minecraft:iron_boots":1,"minecraft:furnace":3,"minecraft:stick":5,"minecraft:raw_iron":107,"minecraft:torch":13,"minecraft:gravel":12,"minecraft:spruce_sapling":4,"minecraft:diorite":16,"minecraft:white_bed":2,"minecraft:spruce_log":13,"minecraft:redstone":16,"minecraft:arrow":10,"minecraft:rotten_flesh":6,"minecraft:diamond":4,"minecraft:spruce_boat":2,"minecraft:writable_book":2,"minecraft:mutton":5,"minecraft:coal":71,"minecraft:white_wool":3,"minecraft:cobblestone":52}},"DataVersion":3578}