{"stats":{"minecraft:mined":{"minecraft:deepslate_redstone_ore":2,"minecraft:diamond_ore":2,"minecraft:tuff":3,"minecraft:white_bed":2,"minecraft:brown_mushroom":5,"minecraft:deepslate_diamond_ore":2,"minecraft:crafting_table":2,"minecraft:torch":2,"minecraft:spruce_leaves":10,"minecraft:deepslate_gold_ore":4,"minecraft:red_mushroom":5,"minecraft:diorite":10,"minecraft:wall_torch":3,"minecraft:furnace":2,"minecraft:iron_ore":33,"minecraft:cobbled_deepslate":2,"minecraft:spruce_log":5,"minecraft:coal_ore":41,"minecraft:oak_log":5,"minecraft:deepslate_iron_ore":54,"minecraft:gravel":8,"minecraft:stone":37,"minecraft:deepslate":23},"minecraft:used":{"minecraft:cooked_mutton":5,"minecraft:water_bucket":26,"minecraft:diorite":4,"minecraft:writable_book":1,"minecraft:stone_pickaxe":44,"minecraft:wooden_pickaxe":31,"minecraft:shield":35,"minecraft:iron_sword":49,"minecraft:rotten_flesh":5,"minecraft:iron_chestplate":1,"minecraft:torch":106,"minecraft:dirt":9,"minecraft:crafting_table":5,"minecraft:mushroom_stew":4,"minecraft:white_bed":3,"minecraft:spruce_boat":1,"minecraft:iron_pickaxe":148,"minecraft:wooden_sword":19,"minecraft:cobblestone":18,"minecraft:furnace":2,"minecraft:bucket":27,"minecraft:cooked_beef":2,"minecraft:cobbled_deepslate":17},"minecraft:crafted":{"minecraft:cooked_beef":2,"minecraft:wooden_sword":1,"minecraft:oak_planks":20,"minecraft:crafting_table":2,"minecraft:spruce_planks":28,"minecraft:wooden_pickaxe":1,"minecraft:iron_sword":1,"minecraft:bowl":4,"minecraft:furnace":1,"minecraft:mushroom_stew":4,"minecraft:bucket":1,"minecraft:cooked_mutton":2,"minecraft:air":0,"minecraft:iron_chestplate":1,"minecraft:iron_boots":1,"minecraft:shield":1,"minecraft:stick":32,"minecraft:iron_ingot":21,"minecraft:iron_pickaxe":1,"minecraft:stone_pickaxe":1,"minecraft:white_bed":1,"minecraft:spruce_boat":1,"minecraft:torch":104},"minecraft:dropped":{"minecraft:writable_book":2},"minecraft:killed_by":{"minecraft:zombie_villager":1,"minecraft:player":3,"minecraft:creeper":1,"minecraft:zombie":1},"minecraft:killed":{"minecraft:skeleton":11,"minecraft:sheep":3,"minecraft:zombie":4},"minecraft:custom":{"minecraft:interact_with_furnace":21,"minecraft:mob_kills":21,"minecraft:interact_with_crafting_table":21,"minecraft:leave_game":9,"minecraft:time_since_death":4412,"minecraft:sleep_in_bed":4,"minecraft:time_since_rest":4432,"minecraft:sprint_one_cm":102272,"minecraft:damage_taken":2661,"minecraft:walk_one_cm":154689,"minecraft:damage_blocked_by_shield":1030,"minecraft:drop":2,"minecraft:damage_dealt":5055,"minecraft:swim_one_cm":15184,"minecraft:fly_one_cm":183012,"minecraft:player_kills":8,"minecraft:crouch_one_cm":96,"minecraft:play_time":73862,"minecraft:sneak_time":46,"minecraft:deaths":7,"minecraft:walk_under_water_one_cm":32978,"minecraft:boat_one_cm":7093,"minecraft:jump":1490,"minecraft:walk_on_water_one_cm":26055,"minecraft:total_world_time":73862,"minecraft:fall_one_cm":34636},"minecraft:picked_up":{"minecraft:iron_chestplate":3,"minecraft:crafting_table":7,"minecraft:water_bucket":3,"minecraft:brown_mushroom":16,"minecraft:wooden_pickaxe":2,"minecraft:red_mushroom":16,"minecraft:flint":2,"minecraft:tuff":5,"minecraft:oak_log":5,"minecraft:shield":2,"minecraft:dirt":9,"minecraft:wooden_sword":3,"minecraft:cooked_mutton":3,"minecraft:bone":18,"minecraft:cobbled_deepslate":38,"minecraft:raw_gold":16,"minecraft:spruce_planks":2,"minecraft:beef":12,"minecraft:stone_pickaxe":3,"minecraft:iron_pickaxe":3,"minecraft:iron_sword":3,"minecraft:iron_boots":3,"minecraft:furnace":4,"minecraft:stick":8,"minecraft:raw_iron":175,"minecraft:torch":19,"minecraft:bowl":4,"minecraft:gravel":24,"minecraft:spruce_sapling":8,"minecraft:diorite":28,"minecraft:white_bed":2,"minecraft:spruce_log":19,"minecraft:redstone":32,"minecraft:arrow":28,"minecraft:rotten_flesh":13,"minecraft:diamond":12,"minecraft:spruce_boat":4,"minecraft:writable_book":2,"minecraft:mutton":5,"minecraft:coal":118,"minecraft:white_wool":3,"minecraft:cobblestone":81}},"DataVersion":3578}