{"stats":{"minecraft:mined":{"minecraft:brown_mushroom":5,"minecraft:spruce_log":5,"minecraft:coal_ore":2,"minecraft:gravel":1,"minecraft:spruce_leaves":10,"minecraft:stone":20,"minecraft:red_mushroom":5},"minecraft:used":{"minecraft:spruce_boat":1,"minecraft:writable_book":1,"minecraft:wooden_pickaxe":23,"minecraft:wooden_sword":6,"minecraft:cobblestone":12,"minecraft:crafting_table":1},"minecraft:crafted":{"minecraft:wooden_sword":1,"minecraft:crafting_table":2,"minecraft:spruce_planks":20,"minecraft:stick":4,"minecraft:wooden_pickaxe":1,"minecraft:spruce_boat":1},"minecraft:dropped":{"minecraft:writable_book":2},"minecraft:killed_by":{"minecraft:player":3},"minecraft:killed":{"minecraft:skeleton":1},"minecraft:custom":{"minecraft:time_since_rest":7567,"minecraft:sprint_one_cm":31630,"minecraft:damage_taken":868,"minecraft:walk_one_cm":53203,"minecraft:mob_kills":1,"minecraft:drop":2,"minecraft:damage_dealt":1799,"minecraft:interact_with_crafting_table":1,"minecraft:swim_one_cm":6024,"minecraft:fly_one_cm":83419,"minecraft:player_kills":8,"minecraft:crouch_one_cm":96,"minecraft:play_time":17989,"minecraft:deaths":3,"minecraft:sneak_time":39,"minecraft:walk_under_water_one_cm":1688,"minecraft:boat_one_cm":7093,"minecraft:jump":586,"minecraft:walk_on_water_one_cm":2773,"minecraft:time_since_death":7536,"minecraft:total_world_time":17989,"minecraft:fall_one_cm":7321},"minecraft:picked_up":{"minecraft:brown_mushroom":5,"minecraft:red_mushroom":5,"minecraft:gravel":1,"minecraft:spruce_sapling":2,"minecraft:spruce_log":5,"minecraft:bone":2,"minecraft:arrow":1,"minecraft:spruce_boat":1,"minecraft:writable_book":2,"minecraft:coal":2,"minecraft:cobblestone":20}},"DataVersion":3578}