{"stats":{"minecraft:mined":{"minecraft:deepslate_redstone_ore":1,"minecraft:tuff":1,"minecraft:brown_mushroom":5,"minecraft:white_bed":2,"minecraft:deepslate_diamond_ore":1,"minecraft:crafting_table":2,"minecraft:torch":2,"minecraft:spruce_leaves":10,"minecraft:deepslate_gold_ore":3,"minecraft:red_mushroom":5,"minecraft:diorite":10,"minecraft:wall_torch":3,"minecraft:furnace":2,"minecraft:iron_ore":9,"minecraft:spruce_log":5,"minecraft:coal_ore":3,"minecraft:oak_log":5,"minecraft:deepslate_iron_ore":19,"minecraft:gravel":1,"minecraft:stone":31,"minecraft:deepslate":12},"minecraft:used":{"minecraft:cooked_mutton":4,"minecraft:water_bucket":11,"minecraft:diorite":4,"minecraft:writable_book":1,"minecraft:stone_pickaxe":44,"minecraft:shield":4,"minecraft:wooden_pickaxe":31,"minecraft:iron_sword":7,"minecraft:torch":31,"minecraft:dirt":9,"minecraft:crafting_table":3,"minecraft:white_bed":2,"minecraft:spruce_boat":1,"minecraft:iron_pickaxe":18,"minecraft:wooden_sword":19,"minecraft:cobblestone":15,"minecraft:furnace":2,"minecraft:bucket":12,"minecraft:cooked_beef":2,"minecraft:cobbled_deepslate":12},"minecraft:crafted":{"minecraft:cooked_beef":2,"minecraft:wooden_sword":1,"minecraft:oak_planks":12,"minecraft:crafting_table":2,"minecraft:spruce_planks":20,"minecraft:wooden_pickaxe":1,"minecraft:iron_sword":1,"minecraft:furnace":1,"minecraft:bucket":1,"minecraft:cooked_mutton":2,"minecraft:air":0,"minecraft:iron_chestplate":1,"minecraft:iron_boots":1,"minecraft:shield":1,"minecraft:stick":12,"minecraft:iron_ingot":21,"minecraft:iron_pickaxe":1,"minecraft:stone_pickaxe":1,"minecraft:white_bed":1,"minecraft:spruce_boat":1,"minecraft:torch":24},"minecraft:dropped":{"minecraft:writable_book":2},"minecraft:killed_by":{"minecraft:player":3},"minecraft:killed":{"minecraft:skeleton":4,"minecraft:sheep":3},"minecraft:custom":{"minecraft:interact_with_furnace":21,"minecraft:mob_kills":8,"minecraft:interact_with_crafting_table":13,"minecraft:time_since_death":31536,"minecraft:sleep_in_bed":2,"minecraft:time_since_rest":6102,"minecraft:sprint_one_cm":40246,"minecraft:damage_taken":1196,"minecraft:walk_one_cm":91131,"minecraft:damage_blocked_by_shield":165,"minecraft:drop":2,"minecraft:damage_dealt":2688,"minecraft:swim_one_cm":13517,"minecraft:fly_one_cm":101897,"minecraft:player_kills":8,"minecraft:crouch_one_cm":96,"minecraft:play_time":41989,"minecraft:sneak_time":45,"minecraft:deaths":3,"minecraft:walk_under_water_one_cm":15240,"minecraft:boat_one_cm":7093,"minecraft:jump":909,"minecraft:walk_on_water_one_cm":16301,"minecraft:total_world_time":41989,"minecraft:fall_one_cm":18226},"minecraft:picked_up":{"minecraft:crafting_table":3,"minecraft:brown_mushroom":5,"minecraft:red_mushroom":5,"minecraft:tuff":1,"minecraft:oak_log":5,"minecraft:dirt":9,"minecraft:cooked_mutton":3,"minecraft:bone":4,"minecraft:cobbled_deepslate":16,"minecraft:raw_gold":3,"minecraft:spruce_planks":2,"minecraft:beef":6,"minecraft:furnace":2,"minecraft:stick":2,"minecraft:raw_iron":28,"minecraft:torch":7,"minecraft:gravel":1,"minecraft:spruce_sapling":2,"minecraft:diorite":10,"minecraft:white_bed":2,"minecraft:spruce_log":9,"minecraft:redstone":4,"minecraft:arrow":3,"minecraft:diamond":1,"minecraft:spruce_boat":1,"minecraft:writable_book":2,"minecraft:mutton":5,"minecraft:coal":10,"minecraft:white_wool":3,"minecraft:cobblestone":31}},"DataVersion":3578}