{"stats":{"minecraft:mined":{"minecraft:deepslate_redstone_ore":2,"minecraft:diamond_ore":2,"minecraft:tuff":3,"minecraft:white_bed":5,"minecraft:brown_mushroom":5,"minecraft:deepslate_diamond_ore":2,"minecraft:crafting_table":3,"minecraft:torch":2,"minecraft:cobblestone":1,"minecraft:spruce_leaves":12,"minecraft:deepslate_gold_ore":10,"minecraft:sugar_cane":1,"minecraft:red_mushroom":5,"minecraft:diorite":18,"minecraft:wall_torch":4,"minecraft:furnace":2,"minecraft:iron_ore":45,"minecraft:cobbled_deepslate":2,"minecraft:spruce_log":9,"minecraft:coal_ore":41,"minecraft:oak_log":5,"minecraft:deepslate_iron_ore":67,"minecraft:gravel":8,"minecraft:stone":50,"minecraft:gold_ore":1,"minecraft:deepslate":33},"minecraft:used":{"minecraft:cooked_mutton":5,"minecraft:water_bucket":27,"minecraft:diorite":17,"minecraft:writable_book":1,"minecraft:stone_pickaxe":48,"minecraft:wooden_pickaxe":31,"minecraft:shield":35,"minecraft:iron_sword":51,"minecraft:rotten_flesh":9,"minecraft:iron_chestplate":2,"minecraft:torch":112,"minecraft:dirt":9,"minecraft:crafting_table":6,"minecraft:mushroom_stew":4,"minecraft:carrot":4,"minecraft:white_bed":5,"minecraft:tuff":1,"minecraft:spruce_boat":3,"minecraft:iron_axe":1,"minecraft:iron_pickaxe":215,"minecraft:iron_boots":1,"minecraft:wooden_sword":19,"minecraft:cobblestone":38,"minecraft:beef":2,"minecraft:furnace":2,"minecraft:bucket":28,"minecraft:cooked_beef":2,"minecraft:cobbled_deepslate":41,"minecraft:iron_leggings":1},"minecraft:crafted":{"minecraft:cooked_beef":2,"minecraft:wooden_sword":1,"minecraft:oak_planks":20,"minecraft:crafting_table":3,"minecraft:spruce_planks":36,"minecraft:wooden_pickaxe":1,"minecraft:iron_sword":1,"minecraft:bowl":4,"minecraft:furnace":1,"minecraft:mushroom_stew":4,"minecraft:bucket":1,"minecraft:cooked_mutton":2,"minecraft:air":0,"minecraft:iron_chestplate":1,"minecraft:iron_boots":1,"minecraft:shield":1,"minecraft:iron_axe":1,"minecraft:stick":40,"minecraft:iron_ingot":21,"minecraft:iron_pickaxe":1,"minecraft:stone_pickaxe":1,"minecraft:iron_leggings":1,"minecraft:white_bed":1,"minecraft:spruce_boat":1,"minecraft:torch":120},"minecraft:dropped":{"minecraft:cobblestone":1,"minecraft:writable_book":2,"minecraft:bone":1},"minecraft:killed_by":{"minecraft:zombie_villager":1,"minecraft:player":3,"minecraft:creeper":1,"minecraft:zombie":1},"minecraft:killed":{"minecraft:skeleton":11,"minecraft:sheep":3,"minecraft:zombie":6},"minecraft:custom":{"minecraft:interact_with_furnace":21,"minecraft:mob_kills":23,"minecraft:interact_with_crafting_table":23,"minecraft:leave_game":15,"minecraft:time_since_death":32203,"minecraft:sleep_in_bed":5,"minecraft:time_since_rest":13955,"minecraft:sprint_one_cm":121982,"minecraft:damage_taken":3275,"minecraft:walk_one_cm":215000,"minecraft:damage_blocked_by_shield":1030,"minecraft:drop":4,"minecraft:damage_dealt":5391,"minecraft:swim_one_cm":30557,"minecraft:fly_one_cm":234145,"minecraft:player_kills":8,"minecraft:open_chest":11,"minecraft:crouch_one_cm":797,"minecraft:play_time":109236,"minecraft:sneak_time":308,"minecraft:deaths":8,"minecraft:walk_under_water_one_cm":58176,"minecraft:boat_one_cm":273839,"minecraft:jump":2086,"minecraft:walk_on_water_one_cm":38212,"minecraft:total_world_time":109236,"minecraft:fall_one_cm":52674},"minecraft:picked_up":{"minecraft:iron_chestplate":4,"minecraft:crafting_table":8,"minecraft:water_bucket":4,"minecraft:brown_mushroom":17,"minecraft:wooden_pickaxe":2,"minecraft:red_mushroom":17,"minecraft:flint":2,"minecraft:tuff":6,"minecraft:oak_log":5,"minecraft:shield":2,"minecraft:dirt":9,"minecraft:wooden_sword":4,"minecraft:cooked_mutton":3,"minecraft:bone":19,"minecraft:cobbled_deepslate":48,"minecraft:raw_gold":23,"minecraft:spruce_planks":4,"minecraft:beef":14,"minecraft:stone_pickaxe":4,"minecraft:iron_pickaxe":4,"minecraft:sugar_cane":3,"minecraft:iron_sword":3,"minecraft:iron_boots":4,"minecraft:furnace":5,"minecraft:stick":8,"minecraft:raw_iron":199,"minecraft:torch":33,"minecraft:bowl":8,"minecraft:gravel":24,"minecraft:spruce_sapling":10,"minecraft:diorite":42,"minecraft:white_bed":5,"minecraft:spruce_log":24,"minecraft:redstone":40,"minecraft:arrow":37,"minecraft:rotten_flesh":17,"minecraft:diamond":12,"minecraft:spruce_boat":6,"minecraft:writable_book":2,"minecraft:mutton":5,"minecraft:coal":118,"minecraft:white_wool":3,"minecraft:cobblestone":94}},"DataVersion":3578}