{"stats":{"minecraft:mined":{"minecraft:white_bed":1,"minecraft:brown_mushroom":5,"minecraft:furnace":1,"minecraft:iron_ore":9,"minecraft:spruce_log":5,"minecraft:crafting_table":1,"minecraft:deepslate_iron_ore":12,"minecraft:oak_log":5,"minecraft:coal_ore":3,"minecraft:gravel":1,"minecraft:spruce_leaves":10,"minecraft:stone":31,"minecraft:red_mushroom":5,"minecraft:deepslate":8,"minecraft:diorite":10},"minecraft:used":{"minecraft:spruce_boat":1,"minecraft:cooked_mutton":3,"minecraft:diorite":4,"minecraft:writable_book":1,"minecraft:stone_pickaxe":44,"minecraft:wooden_pickaxe":31,"minecraft:dirt":7,"minecraft:torch":5,"minecraft:wooden_sword":19,"minecraft:cobblestone":15,"minecraft:crafting_table":2,"minecraft:furnace":2,"minecraft:white_bed":1,"minecraft:cobbled_deepslate":8},"minecraft:crafted":{"minecraft:wooden_sword":1,"minecraft:oak_planks":8,"minecraft:crafting_table":2,"minecraft:spruce_planks":20,"minecraft:stick":8,"minecraft:wooden_pickaxe":1,"minecraft:stone_pickaxe":1,"minecraft:furnace":1,"minecraft:white_bed":1,"minecraft:spruce_boat":1,"minecraft:torch":8,"minecraft:air":0,"minecraft:cooked_mutton":2},"minecraft:dropped":{"minecraft:writable_book":2},"minecraft:killed_by":{"minecraft:player":3},"minecraft:killed":{"minecraft:sheep":3,"minecraft:skeleton":2},"minecraft:custom":{"minecraft:time_since_rest":6903,"minecraft:interact_with_furnace":6,"minecraft:sprint_one_cm":37603,"minecraft:damage_taken":968,"minecraft:walk_one_cm":71409,"minecraft:mob_kills":5,"minecraft:drop":2,"minecraft:damage_dealt":2279,"minecraft:interact_with_crafting_table":8,"minecraft:swim_one_cm":8463,"minecraft:fly_one_cm":93960,"minecraft:player_kills":8,"minecraft:crouch_one_cm":96,"minecraft:play_time":29989,"minecraft:deaths":3,"minecraft:sneak_time":45,"minecraft:walk_under_water_one_cm":5779,"minecraft:boat_one_cm":7093,"minecraft:jump":731,"minecraft:walk_on_water_one_cm":4912,"minecraft:time_since_death":19536,"minecraft:sleep_in_bed":1,"minecraft:total_world_time":29989,"minecraft:fall_one_cm":11883},"minecraft:picked_up":{"minecraft:stick":2,"minecraft:raw_iron":21,"minecraft:crafting_table":2,"minecraft:brown_mushroom":5,"minecraft:red_mushroom":5,"minecraft:gravel":1,"minecraft:oak_log":5,"minecraft:spruce_sapling":2,"minecraft:diorite":10,"minecraft:white_bed":1,"minecraft:spruce_log":9,"minecraft:dirt":9,"minecraft:cooked_mutton":3,"minecraft:bone":4,"minecraft:arrow":3,"minecraft:spruce_boat":1,"minecraft:cobbled_deepslate":8,"minecraft:writable_book":2,"minecraft:spruce_planks":2,"minecraft:beef":4,"minecraft:mutton":5,"minecraft:coal":10,"minecraft:white_wool":3,"minecraft:cobblestone":31,"minecraft:furnace":1}},"DataVersion":3578}