{"stats":{"minecraft:picked_up":{"minecraft:crafting_table":1,"minecraft:bone":1,"minecraft:arrow":1,"minecraft:powder_snow_bucket":2,"minecraft:spruce_sapling":1,"minecraft:grass_block":1,"minecraft:spruce_log":8,"minecraft:cyan_bed":1},"minecraft:mined":{"minecraft:large_fern":1,"minecraft:grass":1,"minecraft:spruce_leaves":7,"minecraft:spruce_log":8,"minecraft:crafting_table":1,"minecraft:fern":3},"minecraft:crafted":{"minecraft:crafting_table":1,"minecraft:spruce_wood":3,"minecraft:spruce_planks":20,"minecraft:stick":4,"minecraft:wooden_axe":1},"minecraft:killed":{"minecraft:skeleton":2},"minecraft:custom":{"minecraft:time_since_rest":483,"minecraft:crouch_one_cm":46,"minecraft:play_time":11984,"minecraft:sprint_one_cm":20365,"minecraft:walk_one_cm":30608,"minecraft:damage_taken":18785,"minecraft:deaths":2,"minecraft:sneak_time":63,"minecraft:mob_kills":2,"minecraft:boat_one_cm":1960,"minecraft:jump":183,"minecraft:damage_dealt":430,"minecraft:time_since_death":9217,"minecraft:sleep_in_bed":1,"minecraft:total_world_time":11984,"minecraft:interact_with_crafting_table":2,"minecraft:fly_one_cm":42968,"minecraft:fall_one_cm":189557},"minecraft:used":{"minecraft:wooden_axe":4,"minecraft:crafting_table":1,"minecraft:cyan_bed":1,"minecraft:spruce_log":2,"minecraft:spruce_sapling":1}},"DataVersion":3578}