{"stats":{"minecraft:picked_up":{"minecraft:crafting_table":1,"minecraft:water_bucket":4,"minecraft:powder_snow_bucket":2,"minecraft:spruce_sapling":1,"minecraft:spruce_log":8,"minecraft:grass_block":1,"minecraft:cyan_bed":1,"minecraft:dirt":6,"minecraft:elytra":3,"minecraft:firework_rocket":117,"minecraft:arrow":1,"minecraft:bone":1,"minecraft:wheat_seeds":1,"minecraft:enchanted_golden_apple":177},"minecraft:mined":{"minecraft:large_fern":1,"minecraft:spruce_log":8,"minecraft:crafting_table":1,"minecraft:grass":1,"minecraft:dirt":5,"minecraft:spruce_leaves":7,"minecraft:fern":3},"minecraft:crafted":{"minecraft:crafting_table":1,"minecraft:spruce_wood":3,"minecraft:spruce_planks":20,"minecraft:stick":4,"minecraft:wooden_axe":1},"minecraft:killed":{"minecraft:skeleton":2},"minecraft:custom":{"minecraft:time_since_rest":4231,"minecraft:sprint_one_cm":47519,"minecraft:damage_absorbed":480,"minecraft:damage_taken":26422,"minecraft:walk_one_cm":57298,"minecraft:mob_kills":2,"minecraft:drop":11,"minecraft:damage_dealt":480,"minecraft:interact_with_crafting_table":2,"minecraft:fly_one_cm":104833,"minecraft:crouch_one_cm":49,"minecraft:play_time":25990,"minecraft:deaths":6,"minecraft:sneak_time":106,"minecraft:boat_one_cm":1960,"minecraft:aviate_one_cm":942948,"minecraft:jump":364,"minecraft:leave_game":1,"minecraft:walk_on_water_one_cm":1365,"minecraft:time_since_death":4200,"minecraft:sleep_in_bed":1,"minecraft:total_world_time":25990,"minecraft:damage_resisted":1107,"minecraft:fall_one_cm":285560},"minecraft:used":{"minecraft:water_bucket":6,"minecraft:wooden_axe":4,"minecraft:firework_rocket":111,"minecraft:cyan_bed":1,"minecraft:elytra":4,"minecraft:totem_of_undying":2,"minecraft:spruce_sapling":1,"minecraft:dirt":5,"minecraft:crafting_table":1,"minecraft:bucket":6,"minecraft:enchanted_golden_apple":9,"minecraft:spruce_log":2},"minecraft:dropped":{"minecraft:water_bucket":2,"minecraft:wheat_seeds":1,"minecraft:enchanted_golden_apple":1,"minecraft:firework_rocket":29}},"DataVersion":3578}