{"stats":{"minecraft:picked_up":{"minecraft:dirt":3,"minecraft:end_rod":1},"minecraft:mined":{"minecraft:podzol":2,"minecraft:grass_block":1,"minecraft:spruce_leaves":4},"minecraft:custom":{"minecraft:jump":148,"minecraft:time_since_rest":14870,"minecraft:damage_dealt":74,"minecraft:damage_taken":670,"minecraft:play_time":67817,"minecraft:leave_game":2,"minecraft:sprint_one_cm":29471,"minecraft:walk_one_cm":20593,"minecraft:time_since_death":14836,"minecraft:deaths":3,"minecraft:sneak_time":38,"minecraft:total_world_time":67817,"minecraft:drop":2,"minecraft:fall_one_cm":8387,"minecraft:fly_one_cm":64258},"minecraft:used":{"minecraft:dirt":2},"minecraft:dropped":{"minecraft:dirt":1,"minecraft:end_rod":1}},"DataVersion":3578}