{"stats":{"minecraft:killed_by":{"minecraft:player":1},"minecraft:picked_up":{"minecraft:sculk_catalyst":1,"minecraft:diamond_chestplate":1,"minecraft:diamond_leggings":1,"minecraft:diamond_boots":1,"minecraft:end_rod":3,"minecraft:diamond_helmet":1,"minecraft:dirt":3},"minecraft:mined":{"minecraft:podzol":2,"minecraft:grass_block":1,"minecraft:spruce_leaves":7},"minecraft:custom":{"minecraft:time_since_rest":8836,"minecraft:sprint_one_cm":32062,"minecraft:play_time":79817,"minecraft:deaths":4,"minecraft:damage_taken":910,"minecraft:walk_one_cm":32760,"minecraft:sneak_time":38,"minecraft:drop":4,"minecraft:jump":189,"minecraft:damage_dealt":214,"minecraft:leave_game":2,"minecraft:time_since_death":8745,"minecraft:total_world_time":79817,"minecraft:damage_resisted":312,"minecraft:fall_one_cm":11142,"minecraft:fly_one_cm":107473},"minecraft:used":{"minecraft:blaze_spawn_egg":2,"minecraft:diamond_chestplate":1,"minecraft:diamond_boots":1,"minecraft:dirt":2,"minecraft:diamond_helmet":1,"minecraft:piglin_head":1,"minecraft:diamond_leggings":1,"minecraft:pillager_spawn_egg":6,"minecraft:warden_spawn_egg":1},"minecraft:dropped":{"minecraft:dirt":1,"minecraft:end_rod":3}},"DataVersion":3578}