{"stats":{"minecraft:killed_by":{"minecraft:player":2},"minecraft:picked_up":{"minecraft:sculk_catalyst":1,"minecraft:golden_carrot":190,"minecraft:water_bucket":2,"minecraft:diamond_sword":3,"minecraft:lava_bucket":1,"minecraft:dirt":3,"minecraft:diamond_chestplate":3,"minecraft:diamond_leggings":3,"minecraft:bucket":2,"minecraft:diamond_boots":3,"minecraft:golden_apple":27,"minecraft:end_rod":3,"minecraft:netherite_axe":3,"minecraft:diamond_helmet":3,"minecraft:cobblestone":92},"minecraft:mined":{"minecraft:podzol":2,"minecraft:ice":1,"minecraft:grass_block":1,"minecraft:spruce_leaves":7},"minecraft:killed":{"minecraft:zombie":1},"minecraft:custom":{"minecraft:time_since_rest":2607,"minecraft:damage_absorbed":154,"minecraft:sprint_one_cm":61550,"minecraft:damage_taken":1767,"minecraft:walk_one_cm":70344,"minecraft:mob_kills":1,"minecraft:drop":4,"minecraft:damage_dealt":780,"minecraft:fly_one_cm":173948,"minecraft:crouch_one_cm":431,"minecraft:play_time":91817,"minecraft:deaths":6,"minecraft:sneak_time":140,"minecraft:jump":451,"minecraft:walk_on_water_one_cm":3705,"minecraft:time_since_death":2573,"minecraft:leave_game":2,"minecraft:total_world_time":91817,"minecraft:damage_resisted":312,"minecraft:fall_one_cm":14966},"minecraft:used":{"minecraft:water_bucket":2,"minecraft:lava_bucket":1,"minecraft:diamond_boots":2,"minecraft:netherite_axe":2,"minecraft:blaze_spawn_egg":2,"minecraft:diamond_chestplate":2,"minecraft:golden_apple":4,"minecraft:diamond_sword":44,"minecraft:dirt":2,"minecraft:golden_carrot":2,"minecraft:cobblestone":62,"minecraft:bucket":2,"minecraft:diamond_helmet":1,"minecraft:piglin_head":1,"minecraft:diamond_leggings":2,"minecraft:pillager_spawn_egg":6,"minecraft:warden_spawn_egg":1},"minecraft:dropped":{"minecraft:dirt":1,"minecraft:end_rod":3}},"DataVersion":3578}