{"stats":{"minecraft:mined":{"minecraft:grass_block":1,"minecraft:spruce_leaves":8,"minecraft:tall_seagrass":2,"minecraft:podzol":4,"minecraft:seagrass":3,"minecraft:ice":1,"minecraft:grass":1},"minecraft:used":{"minecraft:azalea":2,"minecraft:peony":3,"minecraft:netherite_sword":24,"minecraft:rose_bush":1,"minecraft:writable_book":7,"minecraft:iron_bars":10,"minecraft:flint_and_steel":122,"minecraft:armor_stand":2,"minecraft:redstone":5,"minecraft:elytra":5,"minecraft:oak_sign":2,"minecraft:silverfish_spawn_egg":5,"minecraft:axolotl_spawn_egg":7,"minecraft:chest":1,"minecraft:white_terracotta":5,"minecraft:zombie_spawn_egg":2,"minecraft:white_shulker_box":17,"minecraft:sculk":17,"minecraft:mossy_stone_brick_slab":21,"minecraft:netherrack":19,"minecraft:sculk_sensor":15,"minecraft:dirt":51,"minecraft:anvil":5,"minecraft:skeleton_spawn_egg":10,"minecraft:diamond_helmet":2,"minecraft:deepslate_brick_slab":26,"minecraft:oak_wood":9,"minecraft:tuff":4,"minecraft:spruce_fence":77,"minecraft:oak_fence_gate":7,"minecraft:milk_bucket":1,"minecraft:polished_diorite":6,"minecraft:warden_spawn_egg":57,"minecraft:andesite_wall":33,"minecraft:stone_brick_slab":49,"minecraft:sea_lantern":25,"minecraft:flowering_azalea":4,"minecraft:lava_bucket":4,"minecraft:bricks":45,"minecraft:bookshelf":36,"minecraft:music_disc_pigstep":2,"minecraft:cyan_shulker_box":5,"minecraft:quartz_slab":229,"minecraft:grass_block":337,"minecraft:spawner":18,"minecraft:tropical_fish_spawn_egg":8,"minecraft:pink_wool":1,"minecraft:stone_brick_stairs":6,"minecraft:barrel":7,"minecraft:stone_bricks":474,"minecraft:blaze_spawn_egg":2,"minecraft:bedrock":21,"minecraft:netherite_boots":1,"minecraft:diamond_chestplate":3,"minecraft:reinforced_deepslate":12,"minecraft:redstone_lamp":16,"minecraft:golden_carrot":5,"minecraft:brown_carpet":26,"minecraft:hay_block":2,"minecraft:salmon_spawn_egg":22,"minecraft:podzol":476,"minecraft:pearlescent_froglight":15,"minecraft:red_dye":1,"minecraft:spider_spawn_egg":2,"minecraft:water_bucket":429,"minecraft:mossy_stone_bricks":93,"minecraft:diamond_boots":4,"minecraft:brick_wall":16,"minecraft:polished_andesite":12,"minecraft:cactus":2,"minecraft:polished_diorite_slab":31,"minecraft:spruce_sign":5,"minecraft:cauldron":5,"minecraft:stonecutter":3,"minecraft:glow_ink_sac":4,"minecraft:spruce_fence_gate":46,"minecraft:deepslate_bricks":187,"minecraft:cracked_stone_bricks":45,"minecraft:golden_apple":6,"minecraft:mossy_cobblestone":10,"minecraft:blue_dye":1,"minecraft:sand":5,"minecraft:mangrove_trapdoor":37,"minecraft:netherite_leggings":1,"minecraft:oak_slab":17,"minecraft:green_dye":2,"minecraft:sculk_shrieker":6,"minecraft:cave_spider_spawn_egg":17,"minecraft:campfire":4,"minecraft:stone_brick_wall":20,"minecraft:piglin_head":1,"minecraft:music_disc_strad":1,"minecraft:deepslate_brick_stairs":23,"minecraft:lightning_rod":7,"minecraft:deepslate_tile_wall":39,"minecraft:deepslate_tiles":26,"minecraft:oak_log":8,"minecraft:lever":2,"minecraft:light":43,"minecraft:firework_rocket":33,"minecraft:diamond_shovel":77,"minecraft:daylight_detector":12,"minecraft:crying_obsidian":17,"minecraft:command_block":6,"minecraft:barrier":2,"minecraft:netherite_axe":6,"minecraft:spruce_sapling":16,"minecraft:diamond_sword":194,"minecraft:cobblestone":226,"minecraft:grindstone":2,"minecraft:smithing_table":1,"minecraft:bucket":3,"minecraft:bone_meal":36,"minecraft:sculk_catalyst":11,"minecraft:jukebox":1,"minecraft:diamond_leggings":4,"minecraft:pillager_spawn_egg":8,"minecraft:experience_bottle":8},"minecraft:dropped":{"minecraft:water_bucket":1,"minecraft:pitcher_pod":518,"minecraft:netherite_chestplate":1,"minecraft:netherite_helmet":2,"minecraft:music_disc_pigstep":1,"minecraft:elytra":1,"minecraft:grass_block":2,"minecraft:end_rod":3,"minecraft:dirt":8,"minecraft:netherite_boots":1,"minecraft:sand":1,"minecraft:cactus":1,"minecraft:string":4,"minecraft:lever":1,"minecraft:white_shulker_box":2,"minecraft:netherite_leggings":1,"minecraft:diamond_sword":4,"minecraft:sea_lantern":2,"minecraft:gunpowder":1,"minecraft:stone_bricks":1,"minecraft:spider_eye":1,"minecraft:bow":2,"minecraft:podzol":1,"minecraft:firework_rocket":19},"minecraft:broken":{"minecraft:diamond_helmet":1},"minecraft:killed_by":{"minecraft:player":5},"minecraft:killed":{"minecraft:cave_spider":11,"minecraft:spider":3,"minecraft:skeleton":10,"minecraft:creeper":1,"minecraft:zombie":8},"minecraft:custom":{"minecraft:interact_with_anvil":5,"minecraft:mob_kills":33,"minecraft:open_barrel":8,"minecraft:fill_cauldron":4,"minecraft:open_shulker_box":54,"minecraft:leave_game":7,"minecraft:time_since_death":6105,"minecraft:damage_resisted":312,"minecraft:sprint_one_cm":369817,"minecraft:walk_one_cm":885292,"minecraft:drop":579,"minecraft:damage_dealt_absorbed":117,"minecraft:play_time":588416,"minecraft:deaths":26,"minecraft:sneak_time":3414,"minecraft:walk_under_water_one_cm":47205,"minecraft:jump":2263,"minecraft:walk_on_water_one_cm":44145,"minecraft:total_world_time":588416,"minecraft:play_record":3,"minecraft:time_since_rest":6139,"minecraft:damage_taken":7852,"minecraft:damage_absorbed":242,"minecraft:damage_dealt":21601,"minecraft:swim_one_cm":41939,"minecraft:fly_one_cm":1108430,"minecraft:player_kills":2,"minecraft:open_chest":2,"minecraft:crouch_one_cm":5799,"minecraft:aviate_one_cm":250245,"minecraft:fall_one_cm":67982},"minecraft:picked_up":{"minecraft:anvil":1,"minecraft:brown_mushroom":3,"minecraft:diamond_sword":9,"minecraft:light":1,"minecraft:string":10,"minecraft:elytra":4,"minecraft:diamond_leggings":5,"minecraft:bucket":4,"minecraft:stick":11,"minecraft:music_disc_pigstep":1,"minecraft:redstone":3,"minecraft:cyan_shulker_box":3,"minecraft:brown_carpet":5,"minecraft:arrow":10,"minecraft:cactus":2,"minecraft:diamond_chestplate":5,"minecraft:rotten_flesh":12,"minecraft:tropical_fish":1,"minecraft:diamond_boots":5,"minecraft:end_rod":3,"minecraft:netherite_chestplate":1,"minecraft:white_shulker_box":17,"minecraft:cobblestone":96,"minecraft:netherite_boots":1,"minecraft:golden_carrot":314,"minecraft:water_bucket":8,"minecraft:salmon":2,"minecraft:gunpowder":3,"minecraft:netherite_leggings":1,"minecraft:dirt":11,"minecraft:bone":6,"minecraft:stone_bricks":1,"minecraft:bow":2,"minecraft:wheat_seeds":1,"minecraft:netherite_axe":4,"minecraft:diamond_helmet":6,"minecraft:pitcher_pod":128,"minecraft:sculk_catalyst":1,"minecraft:lava_bucket":1,"minecraft:spruce_sapling":17,"minecraft:grass_block":1,"minecraft:sea_lantern":2,"minecraft:spider_eye":3,"minecraft:firework_rocket":112,"minecraft:netherite_helmet":2,"minecraft:lever":1,"minecraft:writable_book":8,"minecraft:golden_apple":27}},"DataVersion":3578}