{"stats":{"minecraft:picked_up":{"minecraft:dirt":1},"minecraft:mined":{"minecraft:spruce_leaves":3,"minecraft:grass_block":1},"minecraft:custom":{"minecraft:jump":58,"minecraft:time_since_rest":2232,"minecraft:deaths":2,"minecraft:play_time":49835,"minecraft:leave_game":2,"minecraft:sprint_one_cm":9216,"minecraft:damage_taken":310,"minecraft:time_since_death":2198,"minecraft:walk_one_cm":4207,"minecraft:sneak_time":30,"minecraft:total_world_time":49835,"minecraft:fall_one_cm":1875,"minecraft:fly_one_cm":23703},"minecraft:used":{"minecraft:dirt":1}},"DataVersion":3578}