{"stats":{"minecraft:mined":{"minecraft:podzol":2,"minecraft:grass_block":1,"minecraft:spruce_leaves":7,"minecraft:ice":1,"minecraft:grass":1},"minecraft:used":{"minecraft:water_bucket":3,"minecraft:diamond_boots":4,"minecraft:flint_and_steel":80,"minecraft:elytra":5,"minecraft:polished_diorite_slab":31,"minecraft:white_terracotta":5,"minecraft:deepslate_bricks":32,"minecraft:golden_apple":6,"minecraft:dirt":2,"minecraft:deepslate_brick_slab":26,"minecraft:diamond_helmet":2,"minecraft:piglin_head":1,"minecraft:deepslate_brick_stairs":23,"minecraft:deepslate_tile_wall":39,"minecraft:lightning_rod":7,"minecraft:milk_bucket":1,"minecraft:polished_diorite":6,"minecraft:deepslate_tiles":25,"minecraft:warden_spawn_egg":57,"minecraft:sea_lantern":11,"minecraft:lava_bucket":1,"minecraft:firework_rocket":33,"minecraft:quartz_slab":164,"minecraft:grass_block":272,"minecraft:netherite_axe":2,"minecraft:pink_wool":1,"minecraft:blaze_spawn_egg":2,"minecraft:diamond_chestplate":3,"minecraft:reinforced_deepslate":12,"minecraft:diamond_sword":167,"minecraft:golden_carrot":5,"minecraft:cobblestone":64,"minecraft:brown_carpet":26,"minecraft:bucket":3,"minecraft:diamond_leggings":4,"minecraft:pillager_spawn_egg":6},"minecraft:broken":{"minecraft:diamond_helmet":1},"minecraft:killed_by":{"minecraft:player":4},"minecraft:dropped":{"minecraft:water_bucket":1,"minecraft:pitcher_pod":518,"minecraft:elytra":1,"minecraft:grass_block":2,"minecraft:end_rod":3,"minecraft:diamond_sword":3,"minecraft:sea_lantern":2,"minecraft:dirt":8,"minecraft:gunpowder":1,"minecraft:spider_eye":1,"minecraft:string":4,"minecraft:firework_rocket":19},"minecraft:killed":{"minecraft:spider":2,"minecraft:creeper":1,"minecraft:skeleton":1,"minecraft:zombie":3},"minecraft:custom":{"minecraft:mob_kills":7,"minecraft:leave_game":3,"minecraft:time_since_death":26246,"minecraft:damage_resisted":312,"minecraft:time_since_rest":26282,"minecraft:sprint_one_cm":130858,"minecraft:damage_absorbed":242,"minecraft:damage_taken":7257,"minecraft:walk_one_cm":228724,"minecraft:drop":563,"minecraft:damage_dealt":17046,"minecraft:damage_dealt_absorbed":117,"minecraft:swim_one_cm":991,"minecraft:fly_one_cm":518993,"minecraft:player_kills":2,"minecraft:crouch_one_cm":3599,"minecraft:play_time":176682,"minecraft:deaths":15,"minecraft:sneak_time":1363,"minecraft:walk_under_water_one_cm":872,"minecraft:aviate_one_cm":250245,"minecraft:jump":945,"minecraft:walk_on_water_one_cm":5198,"minecraft:total_world_time":176682,"minecraft:fall_one_cm":65009},"minecraft:picked_up":{"minecraft:golden_carrot":314,"minecraft:water_bucket":8,"minecraft:diamond_sword":8,"minecraft:gunpowder":3,"minecraft:dirt":10,"minecraft:string":4,"minecraft:elytra":4,"minecraft:bone":1,"minecraft:wheat_seeds":1,"minecraft:diamond_leggings":5,"minecraft:bucket":4,"minecraft:netherite_axe":4,"minecraft:diamond_helmet":6,"minecraft:pitcher_pod":128,"minecraft:sculk_catalyst":1,"minecraft:lava_bucket":1,"minecraft:grass_block":1,"minecraft:sea_lantern":2,"minecraft:spider_eye":1,"minecraft:brown_carpet":5,"minecraft:firework_rocket":112,"minecraft:rotten_flesh":2,"minecraft:diamond_chestplate":5,"minecraft:diamond_boots":5,"minecraft:golden_apple":27,"minecraft:end_rod":3,"minecraft:cobblestone":96}},"DataVersion":3578}