{"stats":{"minecraft:picked_up":{"minecraft:dirt":2},"minecraft:mined":{"minecraft:podzol":1,"minecraft:grass_block":1,"minecraft:spruce_leaves":4},"minecraft:custom":{"minecraft:jump":82,"minecraft:time_since_rest":2870,"minecraft:damage_taken":670,"minecraft:play_time":55817,"minecraft:leave_game":2,"minecraft:sprint_one_cm":13733,"minecraft:walk_one_cm":7651,"minecraft:time_since_death":2836,"minecraft:deaths":3,"minecraft:sneak_time":30,"minecraft:total_world_time":55817,"minecraft:fall_one_cm":6448,"minecraft:fly_one_cm":42348},"minecraft:used":{"minecraft:dirt":2}},"DataVersion":3578}