{"stats":{"minecraft:killed_by":{"minecraft:player":4},"minecraft:custom":{"minecraft:mob_kills":14,"minecraft:interact_with_anvil":5,"minecraft:open_barrel":1,"minecraft:fill_cauldron":4,"minecraft:open_shulker_box":53,"minecraft:leave_game":4,"minecraft:time_since_death":885,"minecraft:damage_resisted":312,"minecraft:time_since_rest":931,"minecraft:sprint_one_cm":239839,"minecraft:damage_absorbed":242,"minecraft:damage_taken":7547,"minecraft:walk_one_cm":725668,"minecraft:drop":575,"minecraft:damage_dealt":18366,"minecraft:damage_dealt_absorbed":117,"minecraft:swim_one_cm":24748,"minecraft:fly_one_cm":856539,"minecraft:player_kills":2,"minecraft:walk_under_water_one_cm":40609,"minecraft:crouch_one_cm":5394,"minecraft:play_time":494031,"minecraft:deaths":17,"minecraft:sneak_time":2257,"minecraft:aviate_one_cm":250245,"minecraft:jump":1610,"minecraft:walk_on_water_one_cm":37606,"minecraft:total_world_time":494031,"minecraft:fall_one_cm":65694},"minecraft:broken":{"minecraft:diamond_helmet":1},"minecraft:picked_up":{"minecraft:netherite_boots":1,"minecraft:anvil":1,"minecraft:golden_carrot":314,"minecraft:water_bucket":8,"minecraft:salmon":2,"minecraft:brown_mushroom":3,"minecraft:diamond_sword":9,"minecraft:light":1,"minecraft:gunpowder":3,"minecraft:netherite_leggings":1,"minecraft:dirt":11,"minecraft:string":4,"minecraft:elytra":4,"minecraft:bone":3,"minecraft:stone_bricks":1,"minecraft:diamond_leggings":5,"minecraft:wheat_seeds":1,"minecraft:bucket":4,"minecraft:netherite_axe":4,"minecraft:diamond_helmet":6,"minecraft:pitcher_pod":128,"minecraft:sculk_catalyst":1,"minecraft:stick":11,"minecraft:lava_bucket":1,"minecraft:spruce_sapling":17,"minecraft:grass_block":1,"minecraft:cactus":2,"minecraft:cyan_shulker_box":3,"minecraft:sea_lantern":2,"minecraft:spider_eye":1,"minecraft:brown_carpet":5,"minecraft:rotten_flesh":12,"minecraft:firework_rocket":112,"minecraft:arrow":4,"minecraft:diamond_chestplate":5,"minecraft:tropical_fish":1,"minecraft:netherite_helmet":2,"minecraft:diamond_boots":5,"minecraft:golden_apple":27,"minecraft:end_rod":3,"minecraft:netherite_chestplate":1,"minecraft:white_shulker_box":17,"minecraft:cobblestone":96},"minecraft:used":{"minecraft:azalea":2,"minecraft:peony":3,"minecraft:mossy_stone_bricks":93,"minecraft:water_bucket":429,"minecraft:netherite_sword":4,"minecraft:iron_bars":8,"minecraft:rose_bush":1,"minecraft:diamond_boots":4,"minecraft:brick_wall":16,"minecraft:flint_and_steel":80,"minecraft:armor_stand":2,"minecraft:polished_andesite":12,"minecraft:elytra":5,"minecraft:polished_diorite_slab":31,"minecraft:cactus":2,"minecraft:axolotl_spawn_egg":7,"minecraft:chest":1,"minecraft:white_terracotta":5,"minecraft:cauldron":5,"minecraft:white_shulker_box":16,"minecraft:stonecutter":3,"minecraft:spruce_fence_gate":46,"minecraft:mossy_stone_brick_slab":21,"minecraft:deepslate_bricks":187,"minecraft:cracked_stone_bricks":36,"minecraft:golden_apple":6,"minecraft:sand":5,"minecraft:dirt":48,"minecraft:anvil":5,"minecraft:mangrove_trapdoor":37,"minecraft:netherite_leggings":1,"minecraft:oak_wood":9,"minecraft:campfire":4,"minecraft:deepslate_brick_slab":26,"minecraft:diamond_helmet":2,"minecraft:oak_fence_gate":7,"minecraft:stone_brick_wall":20,"minecraft:spruce_fence":77,"minecraft:piglin_head":1,"minecraft:warden_spawn_egg":57,"minecraft:lightning_rod":7,"minecraft:deepslate_brick_stairs":23,"minecraft:milk_bucket":1,"minecraft:polished_diorite":6,"minecraft:andesite_wall":33,"minecraft:deepslate_tile_wall":39,"minecraft:deepslate_tiles":26,"minecraft:light":43,"minecraft:stone_brick_slab":49,"minecraft:flowering_azalea":4,"minecraft:sea_lantern":24,"minecraft:lava_bucket":4,"minecraft:bricks":45,"minecraft:firework_rocket":33,"minecraft:diamond_shovel":77,"minecraft:daylight_detector":12,"minecraft:cyan_shulker_box":5,"minecraft:quartz_slab":229,"minecraft:grass_block":336,"minecraft:netherite_axe":2,"minecraft:spruce_sapling":16,"minecraft:tropical_fish_spawn_egg":1,"minecraft:stone_brick_stairs":6,"minecraft:barrel":7,"minecraft:pink_wool":1,"minecraft:netherite_boots":1,"minecraft:stone_bricks":473,"minecraft:blaze_spawn_egg":2,"minecraft:diamond_chestplate":3,"minecraft:reinforced_deepslate":12,"minecraft:diamond_sword":173,"minecraft:redstone_lamp":16,"minecraft:golden_carrot":5,"minecraft:cobblestone":226,"minecraft:brown_carpet":26,"minecraft:hay_block":2,"minecraft:salmon_spawn_egg":14,"minecraft:smithing_table":1,"minecraft:grindstone":2,"minecraft:podzol":442,"minecraft:bucket":3,"minecraft:pearlescent_froglight":15,"minecraft:bone_meal":36,"minecraft:diamond_leggings":4,"minecraft:pillager_spawn_egg":6},"minecraft:dropped":{"minecraft:water_bucket":1,"minecraft:netherite_chestplate":1,"minecraft:pitcher_pod":518,"minecraft:netherite_helmet":2,"minecraft:white_shulker_box":2,"minecraft:elytra":1,"minecraft:grass_block":2,"minecraft:netherite_leggings":1,"minecraft:end_rod":3,"minecraft:diamond_sword":4,"minecraft:sea_lantern":2,"minecraft:dirt":8,"minecraft:gunpowder":1,"minecraft:netherite_boots":1,"minecraft:sand":1,"minecraft:stone_bricks":1,"minecraft:spider_eye":1,"minecraft:podzol":1,"minecraft:cactus":1,"minecraft:string":4,"minecraft:firework_rocket":19},"minecraft:mined":{"minecraft:podzol":4,"minecraft:grass_block":1,"minecraft:spruce_leaves":8,"minecraft:ice":1,"minecraft:grass":1},"minecraft:killed":{"minecraft:spider":3,"minecraft:creeper":1,"minecraft:skeleton":2,"minecraft:zombie":8}},"DataVersion":3578}