{"stats":{"minecraft:mined":{"minecraft:podzol":4,"minecraft:grass_block":1,"minecraft:spruce_leaves":8,"minecraft:ice":1,"minecraft:grass":1},"minecraft:used":{"minecraft:azalea":2,"minecraft:peony":3,"minecraft:mossy_stone_bricks":61,"minecraft:water_bucket":427,"minecraft:rose_bush":1,"minecraft:diamond_boots":4,"minecraft:flint_and_steel":80,"minecraft:elytra":5,"minecraft:polished_diorite_slab":31,"minecraft:white_terracotta":5,"minecraft:white_shulker_box":3,"minecraft:spruce_fence_gate":46,"minecraft:mossy_stone_brick_slab":10,"minecraft:deepslate_bricks":187,"minecraft:golden_apple":6,"minecraft:anvil":1,"minecraft:dirt":48,"minecraft:mangrove_trapdoor":16,"minecraft:deepslate_brick_slab":26,"minecraft:diamond_helmet":2,"minecraft:stone_brick_wall":20,"minecraft:spruce_fence":67,"minecraft:piglin_head":1,"minecraft:andesite_wall":4,"minecraft:deepslate_brick_stairs":23,"minecraft:deepslate_tile_wall":39,"minecraft:lightning_rod":7,"minecraft:milk_bucket":1,"minecraft:polished_diorite":6,"minecraft:deepslate_tiles":26,"minecraft:warden_spawn_egg":57,"minecraft:stone_brick_slab":9,"minecraft:flowering_azalea":4,"minecraft:sea_lantern":24,"minecraft:lava_bucket":2,"minecraft:firework_rocket":33,"minecraft:daylight_detector":5,"minecraft:cyan_shulker_box":5,"minecraft:quartz_slab":229,"minecraft:grass_block":316,"minecraft:netherite_axe":2,"minecraft:pink_wool":1,"minecraft:stone_bricks":344,"minecraft:redstone_lamp":7,"minecraft:blaze_spawn_egg":2,"minecraft:diamond_chestplate":3,"minecraft:reinforced_deepslate":12,"minecraft:diamond_sword":173,"minecraft:golden_carrot":5,"minecraft:cobblestone":195,"minecraft:brown_carpet":26,"minecraft:podzol":299,"minecraft:bucket":3,"minecraft:bone_meal":10,"minecraft:diamond_leggings":4,"minecraft:pillager_spawn_egg":6},"minecraft:broken":{"minecraft:diamond_helmet":1},"minecraft:killed_by":{"minecraft:player":4},"minecraft:dropped":{"minecraft:water_bucket":1,"minecraft:pitcher_pod":518,"minecraft:elytra":1,"minecraft:grass_block":2,"minecraft:end_rod":3,"minecraft:diamond_sword":4,"minecraft:sea_lantern":2,"minecraft:dirt":8,"minecraft:gunpowder":1,"minecraft:stone_bricks":1,"minecraft:spider_eye":1,"minecraft:podzol":1,"minecraft:string":4,"minecraft:firework_rocket":19},"minecraft:killed":{"minecraft:spider":3,"minecraft:creeper":1,"minecraft:skeleton":1,"minecraft:zombie":5},"minecraft:custom":{"minecraft:interact_with_anvil":1,"minecraft:mob_kills":10,"minecraft:open_shulker_box":6,"minecraft:leave_game":3,"minecraft:time_since_death":11515,"minecraft:damage_resisted":312,"minecraft:time_since_rest":11546,"minecraft:sprint_one_cm":178784,"minecraft:damage_absorbed":242,"minecraft:damage_taken":7547,"minecraft:walk_one_cm":465139,"minecraft:drop":566,"minecraft:damage_dealt":17566,"minecraft:damage_dealt_absorbed":117,"minecraft:swim_one_cm":4617,"minecraft:fly_one_cm":689746,"minecraft:player_kills":2,"minecraft:crouch_one_cm":3749,"minecraft:play_time":302682,"minecraft:deaths":16,"minecraft:sneak_time":1485,"minecraft:walk_under_water_one_cm":26754,"minecraft:aviate_one_cm":250245,"minecraft:jump":1278,"minecraft:walk_on_water_one_cm":32438,"minecraft:total_world_time":302682,"minecraft:fall_one_cm":65694},"minecraft:picked_up":{"minecraft:golden_carrot":314,"minecraft:water_bucket":8,"minecraft:brown_mushroom":3,"minecraft:diamond_sword":9,"minecraft:gunpowder":3,"minecraft:dirt":11,"minecraft:string":4,"minecraft:elytra":4,"minecraft:bone":1,"minecraft:stone_bricks":1,"minecraft:wheat_seeds":1,"minecraft:diamond_leggings":5,"minecraft:bucket":4,"minecraft:netherite_axe":4,"minecraft:diamond_helmet":6,"minecraft:pitcher_pod":128,"minecraft:sculk_catalyst":1,"minecraft:stick":2,"minecraft:lava_bucket":1,"minecraft:spruce_sapling":3,"minecraft:grass_block":1,"minecraft:cyan_shulker_box":3,"minecraft:sea_lantern":2,"minecraft:spider_eye":1,"minecraft:brown_carpet":5,"minecraft:firework_rocket":112,"minecraft:rotten_flesh":2,"minecraft:diamond_chestplate":5,"minecraft:diamond_boots":5,"minecraft:golden_apple":27,"minecraft:end_rod":3,"minecraft:white_shulker_box":1,"minecraft:cobblestone":96}},"DataVersion":3578}