{
  "minecraft:recipes/decorations/crafting_table": {
    "criteria": {
      "unlock_right_away": "2024-08-03 22:55:03 +0000"
    },
    "done": true
  },
  "minecraft:adventure/adventuring_time": {
    "criteria": {
      "minecraft:frozen_river": "2024-08-10 03:29:54 +0000",
      "minecraft:taiga": "2024-08-10 03:29:10 +0000",
      "minecraft:old_growth_spruce_taiga": "2024-08-03 22:55:04 +0000",
      "minecraft:snowy_taiga": "2024-08-10 03:29:58 +0000"
    },
    "done": false
  },
  "minecraft:story/shiny_gear": {
    "criteria": {
      "diamond_helmet": "2024-08-10 03:31:33 +0000"
    },
    "done": true
  },
  "minecraft:adventure/root": {
    "criteria": {
      "killed_by_something": "2024-08-10 03:26:32 +0000"
    },
    "done": true
  },
  "DataVersion": 3578
}